external_id	source_type	trait	source_url	population	category	sample_size	notes
GCST90011874	gwas_catalog	Noncognitive aspects of educational attainment	https://doi.org/10.1038/s41588-020-00754-2	European	Behavioral	510795	Demange et al. 2021 PMID 33414549.
GCST90011875	gwas_catalog	Cognitive aspects of educational attainment	https://doi.org/10.1038/s41588-020-00754-2	European	Behavioral	257700	Demange et al. 2021 PMID 33414549.
GBMI.Abdominal_Aortic_Aneurysm	zenodo_indep107	Abdominal aortic aneurysm	https://doi.org/10.5281/zenodo.10515792	European	Cardio/metabolic	NA	S-LDSC reference file in sumstats_indep107.tgz.
GBMI.Acute_Appendicitis	zenodo_indep107	Acute appendicitis	https://doi.org/10.5281/zenodo.10515792	European	Other	NA	S-LDSC reference file in sumstats_indep107.tgz.
GBMI.Asthma	zenodo_indep107	Asthma	https://doi.org/10.5281/zenodo.10515792	European	Blood/immune/inflammatory	NA	S-LDSC reference file in sumstats_indep107.tgz.
GBMI.Primary_Apen_Angle_Glaucoma	zenodo_indep107	Primary open-angle glaucoma	https://doi.org/10.5281/zenodo.10515792	European	Other	NA	S-LDSC reference file in sumstats_indep107.tgz.
PANUKBB.Atrial_Fibrillation_And_Flutter	zenodo_indep107	Atrial fibrillation and flutter	https://doi.org/10.5281/zenodo.10515792	European	Cardio/metabolic	NA	S-LDSC reference file in sumstats_indep107.tgz.
PANUKBB.Blood_Clot_DVT_Bronchitis_Emphysema_Asthma_Rhinitis_Eczema_Allergy_Diagnosed_By_Doctor	zenodo_indep107	Bronchitis emphysema asthma rhinitis eczema allergy diagnosed by doctor	https://doi.org/10.5281/zenodo.10515792	European	Blood/immune/inflammatory	NA	S-LDSC reference file in sumstats_indep107.tgz.
PANUKBB.Breast_Cancer_female	zenodo_indep107	Breast cancer female	https://doi.org/10.5281/zenodo.10515792	European	Other	NA	S-LDSC reference file in sumstats_indep107.tgz.
PANUKBB.C44_Other_Malignant_Neoplasms_Of_Skin	zenodo_indep107	Malignant neoplasms of skin	https://doi.org/10.5281/zenodo.10515792	European	Other	NA	S-LDSC reference file in sumstats_indep107.tgz.
PANUKBB.Diverticulosis_And_Diverticulitis	zenodo_indep107	Diverticulosis and diverticulitis	https://doi.org/10.5281/zenodo.10515792	European	Other	NA	S-LDSC reference file in sumstats_indep107.tgz.
PANUKBB.Inguinal_Hernia	zenodo_indep107	Inguinal hernia	https://doi.org/10.5281/zenodo.10515792	European	Other	NA	S-LDSC reference file in sumstats_indep107.tgz.
PANUKBB.Mouth_Teeth_Dental_Problems	zenodo_indep107	Mouth teeth dental problems	https://doi.org/10.5281/zenodo.10515792	European	Other	NA	S-LDSC reference file in sumstats_indep107.tgz.
PANUKBB.Varicose_Vein_Surgery	zenodo_indep107	Varicose vein surgery	https://doi.org/10.5281/zenodo.10515792	European	Cardio/metabolic	NA	S-LDSC reference file in sumstats_indep107.tgz.
PASS.Acne_Vulgaris.TederLaving2023	zenodo_indep107	Acne vulgaris	https://doi.org/10.5281/zenodo.10515792	European	Other	NA	S-LDSC reference file in sumstats_indep107.tgz.
PASS.Age_First_Birth.Barban2016	zenodo_indep107	Age first birth	https://doi.org/10.5281/zenodo.10515792	European	Life history/reproduction	NA	S-LDSC reference file in sumstats_indep107.tgz.
PASS.Aging_Parental_Lifespan.Timmers2020	zenodo_indep107	Aging parental lifespan	https://doi.org/10.5281/zenodo.10515792	European	Life history/reproduction	NA	S-LDSC reference file in sumstats_indep107.tgz.
PASS.Alcohol_use.SanchezRoige2018	zenodo_indep107	Alcohol use AUDIT	https://doi.org/10.5281/zenodo.10515792	European	Behavioral	NA	S-LDSC reference file in sumstats_indep107.tgz.
PASS.Alzheimers_Disease.Wightman2021	zenodo_indep107	Alzheimer's disease	https://doi.org/10.5281/zenodo.10515792	European	Mental/psychiatric/nervous	NA	S-LDSC reference file in sumstats_indep107.tgz.
PASS.Anorexia_Nervosa.Watson2019	zenodo_indep107	Anorexia nervosa	https://doi.org/10.5281/zenodo.10515792	European	Mental/psychiatric/nervous	NA	S-LDSC reference file in sumstats_indep107.tgz.
PASS.Atrial_Fibrillation.Nielsen2018	zenodo_indep107	Atrial fibrillation	https://doi.org/10.5281/zenodo.10515792	European	Cardio/metabolic	NA	S-LDSC reference file in sumstats_indep107.tgz.
PASS.Attention_Deficit_Hyperactivity_Disorder_ADHD.Demontis2023	zenodo_indep107	ADHD	https://doi.org/10.5281/zenodo.10515792	European	Mental/psychiatric/nervous	NA	S-LDSC reference file in sumstats_indep107.tgz.
PASS.Autism.PGC2013	zenodo_indep107	Autism spectrum disorder	https://doi.org/10.5281/zenodo.10515792	European	Mental/psychiatric/nervous	NA	S-LDSC reference file in sumstats_indep107.tgz.
PASS.BMI.Yengo2018	zenodo_indep107	BMI	https://doi.org/10.5281/zenodo.10515792	European	Cardio/metabolic	NA	S-LDSC reference file in sumstats_indep107.tgz.
PASS.Basophil_Percentage.Vuckovic2020	zenodo_indep107	Basophil percentage	https://doi.org/10.5281/zenodo.10515792	European	Blood/immune/inflammatory	NA	S-LDSC reference file in sumstats_indep107.tgz.
PASS.Bipolar_Disorder_ALL.Mullins2021	zenodo_indep107	Bipolar disorder all cases	https://doi.org/10.5281/zenodo.10515792	European	Mental/psychiatric/nervous	NA	S-LDSC reference file in sumstats_indep107.tgz.
PASS.CHIP.Kessler2022	zenodo_indep107	CHIP	https://doi.org/10.5281/zenodo.10515792	European	Blood/immune/inflammatory	NA	S-LDSC reference file in sumstats_indep107.tgz.
PASS.Cancer_Esophageal.Gharahkhani2016	zenodo_indep107	Esophageal cancer	https://doi.org/10.5281/zenodo.10515792	European	Other	NA	S-LDSC reference file in sumstats_indep107.tgz.
PASS.Cancer_Lung.McKay2017	zenodo_indep107	Lung cancer	https://doi.org/10.5281/zenodo.10515792	European	Other	NA	S-LDSC reference file in sumstats_indep107.tgz.
PASS.Cancer_Prostate.Schumacher2018	zenodo_indep107	Prostate cancer	https://doi.org/10.5281/zenodo.10515792	European	Other	NA	S-LDSC reference file in sumstats_indep107.tgz.
PASS.Cannabis_Use_Disorder.Johnson2020	zenodo_indep107	Cannabis use disorder	https://doi.org/10.5281/zenodo.10515792	European	Mental/psychiatric/nervous	NA	S-LDSC reference file in sumstats_indep107.tgz.
PASS.Celiac.Dubois2010	zenodo_indep107	Celiac disease	https://doi.org/10.5281/zenodo.10515792	European	Blood/immune/inflammatory	NA	S-LDSC reference file in sumstats_indep107.tgz.
PASS.Chronic_Obstructive_Pulmonary_Disease.Consentino2023	zenodo_indep107	COPD	https://doi.org/10.5281/zenodo.10515792	European	Other	NA	S-LDSC reference file in sumstats_indep107.tgz.
PASS.Cigarettes_Per_Day.Liu2019	zenodo_indep107	Cigarettes per day	https://doi.org/10.5281/zenodo.10515792	European	Behavioral	NA	S-LDSC reference file in sumstats_indep107.tgz.
PASS.Coronary_Artery_Disease.Aragam2022	zenodo_indep107	Coronary artery disease Aragam	https://doi.org/10.5281/zenodo.10515792	European	Cardio/metabolic	NA	S-LDSC reference file in sumstats_indep107.tgz.
PASS.Covid19_Infection.hg_v7	zenodo_indep107	Covid 19 infection	https://doi.org/10.5281/zenodo.10515792	European	Blood/immune/inflammatory	NA	S-LDSC reference file in sumstats_indep107.tgz.
PASS.Covid19_Vaccination.Hartonen2023	zenodo_indep107	Covid 19 vaccination	https://doi.org/10.5281/zenodo.10515792	European	Behavioral	NA	S-LDSC reference file in sumstats_indep107.tgz.
PASS.Daytime_Napping.Dashti2021	zenodo_indep107	Daytime napping	https://doi.org/10.5281/zenodo.10515792	European	Behavioral	NA	S-LDSC reference file in sumstats_indep107.tgz.
PASS.Depression.Howard2019	zenodo_indep107	Depression	https://doi.org/10.5281/zenodo.10515792	European	Mental/psychiatric/nervous	NA	S-LDSC reference file in sumstats_indep107.tgz.
PASS.Drinks_Per_Week.Liu2019	zenodo_indep107	Drinks per week	https://doi.org/10.5281/zenodo.10515792	European	Behavioral	NA	S-LDSC reference file in sumstats_indep107.tgz.
PASS.Education_Years.Rietveld2013	zenodo_indep107	Education years	https://doi.org/10.5281/zenodo.10515792	European	Behavioral	NA	S-LDSC reference file in sumstats_indep107.tgz.
PASS.Endometriosis.Rahmioglu2023	zenodo_indep107	Endometriosis	https://doi.org/10.5281/zenodo.10515792	European	Life history/reproduction	NA	S-LDSC reference file in sumstats_indep107.tgz.
PASS.Eosinophil_Percentage.Vuckovic2020	zenodo_indep107	Eosinophil percentage	https://doi.org/10.5281/zenodo.10515792	European	Blood/immune/inflammatory	NA	S-LDSC reference file in sumstats_indep107.tgz.
PASS.Ever_Smoked.TAGC2010	zenodo_indep107	Ever smoked	https://doi.org/10.5281/zenodo.10515792	European	Behavioral	NA	S-LDSC reference file in sumstats_indep107.tgz.
PASS.Fetal_Birth_Weight.Warrington2019	zenodo_indep107	Fetal birth weight	https://doi.org/10.5281/zenodo.10515792	European	Life history/reproduction	NA	S-LDSC reference file in sumstats_indep107.tgz.
PASS.Forced_Vital_Capacity.Shrine2023	zenodo_indep107	COPD FVC	https://doi.org/10.5281/zenodo.10515792	European	Other	NA	S-LDSC reference file in sumstats_indep107.tgz.
PASS.Gastrointestinal_Disease.Donertas2021	zenodo_indep107	Gastrointestinal disease	https://doi.org/10.5281/zenodo.10515792	European	Other	NA	S-LDSC reference file in sumstats_indep107.tgz.
PASS.General_Risk_Tolerance.KarlssonLinner2019	zenodo_indep107	General risk tolerance	https://doi.org/10.5281/zenodo.10515792	European	Behavioral	NA	S-LDSC reference file in sumstats_indep107.tgz.
PASS.Genetic_Generalized_Epilepsy.Berkovic2022	zenodo_indep107	Genetic generalized epilepsy	https://doi.org/10.5281/zenodo.10515792	European	Mental/psychiatric/nervous	NA	S-LDSC reference file in sumstats_indep107.tgz.
PASS.Glaucoma.Craig2020	zenodo_indep107	Glaucoma	https://doi.org/10.5281/zenodo.10515792	European	Other	NA	S-LDSC reference file in sumstats_indep107.tgz.
PASS.Gout.Donertas2021	zenodo_indep107	Gout	https://doi.org/10.5281/zenodo.10515792	European	Cardio/metabolic	NA	S-LDSC reference file in sumstats_indep107.tgz.
PASS.HDL.Teslovich2010	zenodo_indep107	HDL	https://doi.org/10.5281/zenodo.10515792	European	Cardio/metabolic	NA	S-LDSC reference file in sumstats_indep107.tgz.
PASS.Heart_Failure.Shah2020	zenodo_indep107	Heart failure	https://doi.org/10.5281/zenodo.10515792	European	Cardio/metabolic	NA	S-LDSC reference file in sumstats_indep107.tgz.
PASS.Height.Yengo2022	zenodo_indep107	Height	https://doi.org/10.5281/zenodo.10515792	European	Other	NA	S-LDSC reference file in sumstats_indep107.tgz.
PASS.Inflammatory_Bowel_Disease.deLange2017	zenodo_indep107	Inflammatory bowel disease	https://doi.org/10.5281/zenodo.10515792	European	Blood/immune/inflammatory	NA	S-LDSC reference file in sumstats_indep107.tgz.
PASS.Insomnia.Watanabe2022	zenodo_indep107	Insomnia	https://doi.org/10.5281/zenodo.10515792	European	Mental/psychiatric/nervous	NA	S-LDSC reference file in sumstats_indep107.tgz.
PASS.Intelligence.SavageJansen2018	zenodo_indep107	Intelligence	https://doi.org/10.5281/zenodo.10515792	European	Behavioral	NA	S-LDSC reference file in sumstats_indep107.tgz.
PASS.Ischemic_Stroke.Malik2018	zenodo_indep107	Stroke	https://doi.org/10.5281/zenodo.10515792	European	Cardio/metabolic	NA	S-LDSC reference file in sumstats_indep107.tgz.
PASS.Knee_Osteoarthritis.Boer2021	zenodo_indep107	Knee osteoarthritis	https://doi.org/10.5281/zenodo.10515792	European	Other	NA	S-LDSC reference file in sumstats_indep107.tgz.
PASS.LDL.Teslovich2010	zenodo_indep107	LDL	https://doi.org/10.5281/zenodo.10515792	European	Cardio/metabolic	NA	S-LDSC reference file in sumstats_indep107.tgz.
PASS.Lupus.Bentham2015	zenodo_indep107	Lupus SLE	https://doi.org/10.5281/zenodo.10515792	European	Blood/immune/inflammatory	NA	S-LDSC reference file in sumstats_indep107.tgz.
PASS.Maternal_Birth_Weight.Warrington2019	zenodo_indep107	Maternal birth weight	https://doi.org/10.5281/zenodo.10515792	European	Life history/reproduction	NA	S-LDSC reference file in sumstats_indep107.tgz.
PASS.Medication_Use.Wu2019	zenodo_indep107	Medication use drugs used in diabetes	https://doi.org/10.5281/zenodo.10515792	European	Cardio/metabolic	NA	S-LDSC reference file in sumstats_indep107.tgz.
PASS.Monocyte_Percentage.Vuckovic2020	zenodo_indep107	Monocyte percentage	https://doi.org/10.5281/zenodo.10515792	European	Blood/immune/inflammatory	NA	S-LDSC reference file in sumstats_indep107.tgz.
PASS.Multiple_Sclerosis.IMSGC2019	manual_or_unsupported	Multiple sclerosis	https://doi.org/10.5281/zenodo.10515792	European	Blood/immune/inflammatory	NA	Readme says this file is not in sumstats_indep107.tgz and requires external approval; not selected by default.
GCST001198	gwas_catalog	Multiple sclerosis	https://doi.org/10.1038/nature10251	European	Blood/immune/inflammatory	26621	Sawcer et al. 2011 PMID=21833088; public GWAS Catalog summary statistics; newer IMSGC2019 GCST009597 has no public full summary statistics.
PASS.Parkinson.Nalls2019	zenodo_indep107	Parkinson disease	https://doi.org/10.5281/zenodo.10515792	European	Mental/psychiatric/nervous	NA	S-LDSC reference file in sumstats_indep107.tgz.
PASS.Physical_Activity.Wang2022	zenodo_indep107	Physical activity	https://doi.org/10.5281/zenodo.10515792	European	Behavioral	NA	S-LDSC reference file in sumstats_indep107.tgz.
PASS.Platelet_Distribution_Width.Vuckovic2020	zenodo_indep107	Platelet distribution width	https://doi.org/10.5281/zenodo.10515792	European	Blood/immune/inflammatory	NA	S-LDSC reference file in sumstats_indep107.tgz.
PASS.Primary_Biliary_Cirrhosis.Cordell2015	zenodo_indep107	Primary biliary cirrhosis	https://doi.org/10.5281/zenodo.10515792	European	Blood/immune/inflammatory	NA	S-LDSC reference file in sumstats_indep107.tgz.
PASS.Reaction_Time.Davies2018	zenodo_indep107	Reaction time	https://doi.org/10.5281/zenodo.10515792	European	Behavioral	NA	S-LDSC reference file in sumstats_indep107.tgz.
PASS.Reticulocyte_Count.Vuckovic2020	zenodo_indep107	Reticulocyte count	https://doi.org/10.5281/zenodo.10515792	European	Blood/immune/inflammatory	NA	S-LDSC reference file in sumstats_indep107.tgz.
PASS.Rheumatoid_Arthritis.Ishigaki2022	zenodo_indep107	Rheumatoid arthritis Ishigaki	https://doi.org/10.5281/zenodo.10515792	European	Blood/immune/inflammatory	NA	S-LDSC reference file in sumstats_indep107.tgz.
PASS.Rheumatoid_Arthritis.Saevarsdottir2022	zenodo_indep107	Rheumatoid arthritis Saevarsdottir	https://doi.org/10.5281/zenodo.10515792	European	Blood/immune/inflammatory	NA	S-LDSC reference file in sumstats_indep107.tgz.
PASS.Schizophrenia.Trubetskoy2022	zenodo_indep107	Schizophrenia	https://doi.org/10.5281/zenodo.10515792	European	Mental/psychiatric/nervous	NA	S-LDSC reference file in sumstats_indep107.tgz.
PASS.Sleep_Duration.Dashti2019	zenodo_indep107	Sleep duration	https://doi.org/10.5281/zenodo.10515792	European	Behavioral	NA	S-LDSC reference file in sumstats_indep107.tgz.
PASS.Snoring.Campos2020	zenodo_indep107	Snoring	https://doi.org/10.5281/zenodo.10515792	European	Other	NA	S-LDSC reference file in sumstats_indep107.tgz.
PASS.Structural_Connectivity_Global.Tissink2023	zenodo_indep107	Structural connectivity global imaging	https://doi.org/10.5281/zenodo.10515792	European	Mental/psychiatric/nervous	NA	S-LDSC reference file in sumstats_indep107.tgz.
PASS.Telomere_Length.Codd2021	zenodo_indep107	Telomere length	https://doi.org/10.5281/zenodo.10515792	European	Other	NA	S-LDSC reference file in sumstats_indep107.tgz.
PASS.Thumb_Osteoarthritis.Boer2021	zenodo_indep107	Thumb osteoarthritis	https://doi.org/10.5281/zenodo.10515792	European	Other	NA	S-LDSC reference file in sumstats_indep107.tgz.
PASS.Total_Hip_Replacement.Boer2021	zenodo_indep107	Total hip replacement	https://doi.org/10.5281/zenodo.10515792	European	Other	NA	S-LDSC reference file in sumstats_indep107.tgz.
PASS.Tourette_Syndrome.Yu2019	zenodo_indep107	Tourette syndrome	https://doi.org/10.5281/zenodo.10515792	European	Mental/psychiatric/nervous	NA	S-LDSC reference file in sumstats_indep107.tgz.
PASS.Type_1_Diabetes.Chiou2021	zenodo_indep107	Type 1 diabetes	https://doi.org/10.5281/zenodo.10515792	European	Blood/immune/inflammatory	NA	S-LDSC reference file in sumstats_indep107.tgz.
PASS.Type_2_Diabetes.Xue2018	zenodo_indep107	Type 2 diabetes	https://doi.org/10.5281/zenodo.10515792	European	Cardio/metabolic	NA	S-LDSC reference file in sumstats_indep107.tgz.
PASS.Varicose_Veins.Ahmed2022	zenodo_indep107	Varicose veins	https://doi.org/10.5281/zenodo.10515792	European	Cardio/metabolic	NA	S-LDSC reference file in sumstats_indep107.tgz.
PASS.Venous_Thromboembolism.Ghouse2023	zenodo_indep107	Venous thromboembolism VTE	https://doi.org/10.5281/zenodo.10515792	European	Cardio/metabolic	NA	S-LDSC reference file in sumstats_indep107.tgz.
PASS.Visceral_Adipose_Tissue_Volume.Agrawal2022	zenodo_indep107	Visceral adipose tissue volume	https://doi.org/10.5281/zenodo.10515792	European	Cardio/metabolic	NA	S-LDSC reference file in sumstats_indep107.tgz.
UKB_460K.biochemistry_AlkalinePhosphatase	zenodo_indep107	Alkaline phosphatase	https://doi.org/10.5281/zenodo.10515792	European	Biomarkers	NA	S-LDSC reference file in sumstats_indep107.tgz.
UKB_460K.biochemistry_AspartateAminotransferase	zenodo_indep107	Aspartate aminotransferase	https://doi.org/10.5281/zenodo.10515792	European	Biomarkers	NA	S-LDSC reference file in sumstats_indep107.tgz.
UKB_460K.biochemistry_Cholesterol	zenodo_indep107	Cholesterol	https://doi.org/10.5281/zenodo.10515792	European	Cardio/metabolic	NA	S-LDSC reference file in sumstats_indep107.tgz.
UKB_460K.biochemistry_Creatinine	zenodo_indep107	Creatinine	https://doi.org/10.5281/zenodo.10515792	European	Biomarkers	NA	S-LDSC reference file in sumstats_indep107.tgz.
UKB_460K.biochemistry_IGF1	zenodo_indep107	IGF1	https://doi.org/10.5281/zenodo.10515792	European	Biomarkers	NA	S-LDSC reference file in sumstats_indep107.tgz.
UKB_460K.biochemistry_Phosphate	zenodo_indep107	Phosphate	https://doi.org/10.5281/zenodo.10515792	European	Biomarkers	NA	S-LDSC reference file in sumstats_indep107.tgz.
UKB_460K.biochemistry_Testosterone_Male	zenodo_indep107	Testosterone male	https://doi.org/10.5281/zenodo.10515792	European	Biomarkers	NA	S-LDSC reference file in sumstats_indep107.tgz.
UKB_460K.biochemistry_TotalBilirubin	zenodo_indep107	Total bilirubin	https://doi.org/10.5281/zenodo.10515792	European	Biomarkers	NA	S-LDSC reference file in sumstats_indep107.tgz.
UKB_460K.biochemistry_TotalProtein	zenodo_indep107	Total protein	https://doi.org/10.5281/zenodo.10515792	European	Biomarkers	NA	S-LDSC reference file in sumstats_indep107.tgz.
UKB_460K.biochemistry_VitaminD	zenodo_indep107	Vitamin D	https://doi.org/10.5281/zenodo.10515792	European	Biomarkers	NA	S-LDSC reference file in sumstats_indep107.tgz.
UKB_460K.blood_RBC_DISTRIB_WIDTH	zenodo_indep107	RBC distribution width	https://doi.org/10.5281/zenodo.10515792	European	Blood/immune/inflammatory	NA	S-LDSC reference file in sumstats_indep107.tgz.
UKB_460K.blood_RED_COUNT	zenodo_indep107	RBC count	https://doi.org/10.5281/zenodo.10515792	European	Blood/immune/inflammatory	NA	S-LDSC reference file in sumstats_indep107.tgz.
UKB_460K.blood_WHITE_COUNT	zenodo_indep107	WBC count	https://doi.org/10.5281/zenodo.10515792	European	Blood/immune/inflammatory	NA	S-LDSC reference file in sumstats_indep107.tgz.
UKB_460K.bmd_HEEL_TSCOREz	zenodo_indep107	Heel T-score	https://doi.org/10.5281/zenodo.10515792	European	Other	NA	S-LDSC reference file in sumstats_indep107.tgz.
UKB_460K.body_BALDING1	zenodo_indep107	Balding	https://doi.org/10.5281/zenodo.10515792	European	Other	NA	S-LDSC reference file in sumstats_indep107.tgz.
UKB_460K.body_WHRadjBMIz	zenodo_indep107	WHR BMI ratio	https://doi.org/10.5281/zenodo.10515792	European	Cardio/metabolic	NA	S-LDSC reference file in sumstats_indep107.tgz.
UKB_460K.bp_DIASTOLICadjMEDz	zenodo_indep107	Diastolic blood pressure	https://doi.org/10.5281/zenodo.10515792	European	Cardio/metabolic	NA	S-LDSC reference file in sumstats_indep107.tgz.
UKB_460K.cancer_PROSTATE	zenodo_indep107	Prostate cancer	https://doi.org/10.5281/zenodo.10515792	European	Other	NA	S-LDSC reference file in sumstats_indep107.tgz.
UKB_460K.disease_HYPOTHYROIDISM_SELF_REP	zenodo_indep107	Hypothyroidism self reported	https://doi.org/10.5281/zenodo.10515792	European	Cardio/metabolic	NA	S-LDSC reference file in sumstats_indep107.tgz.
UKB_460K.other_MORNINGPERSON	zenodo_indep107	Morning person	https://doi.org/10.5281/zenodo.10515792	European	Behavioral	NA	S-LDSC reference file in sumstats_indep107.tgz.
UKB_460K.pigment_SUNBURN	zenodo_indep107	Sunburn	https://doi.org/10.5281/zenodo.10515792	European	Other	NA	S-LDSC reference file in sumstats_indep107.tgz.
UKB_460K.repro_MENARCHE_AGE	zenodo_indep107	Menarche age	https://doi.org/10.5281/zenodo.10515792	European	Life history/reproduction	NA	S-LDSC reference file in sumstats_indep107.tgz.
UKB_460K.repro_NumberChildrenEverBorn_Pooled	zenodo_indep107	Number children ever born	https://doi.org/10.5281/zenodo.10515792	European	Life history/reproduction	NA	S-LDSC reference file in sumstats_indep107.tgz.
agreeableness_gupta_2024	direct_url	Agreeableness	https://hugesumstats.yale.edu/dl/agree_MVP_GPC1_sumstat_file	European	Behavioral	235374	genome_build=GRCh37; Levey Lab public EUR meta-analysis.
conscientiousness_gupta_2024	direct_url	Conscientiousness	https://hugesumstats.yale.edu/dl/consc_MVP_GPC1_sumstat_file	European	Behavioral	235374	genome_build=GRCh37; Levey Lab public EUR meta-analysis.
extraversion_gupta_2024	direct_url	Extraversion	https://hugesumstats.yale.edu/dl/extra_MVP_GPC1_sumstat_file	European	Behavioral	235374	genome_build=GRCh37; Levey Lab public EUR meta-analysis.
openness_gupta_2024	direct_url	Openness	https://hugesumstats.yale.edu/dl/open_MVP_GPC1_sumstat_file	European	Behavioral	235374	genome_build=GRCh37; Levey Lab public EUR meta-analysis.
neuroticism_gupta_2024	direct_url	Neuroticism	https://hugesumstats.yale.edu/dl/Neuro_MVP_UKB_sumstat_file	European	Behavioral	390278	genome_build=GRCh37; Levey Lab public EUR meta-analysis.
cannabis_use_disorder_levey_2023	direct_url	Cannabis use disorder	https://hugesumstats.yalespace.org/dl/dbGAP_EUR_CanMVP_META.gz	European	Behavioral/Psychiatric	886025	genome_build=GRCh37; Levey et al. 2023 Nature Genetics EUR CanUD meta-analysis; cases=42281; controls=843744; source=Levey Lab public data.
ssri_antidepressant_use_levey_2025	direct_url	SSRI antidepressant use	https://hugesumstats.yalespace.org/dl/EUR_SSRI_MVPxUKB1meta.gz	European	Behavioral/Psychiatric	777952	genome_build=GRCh37; Levey et al. 2025 HGG Advances EUR MVPxUKB meta-analysis; cases=191800; controls=586152; source=Levey Lab public data.
PGC.adhd2022	figshare_file	ADHD	https://doi.org/10.6084/m9.figshare.22564390	European	ADHD	NA	pgc_publication=adhd2022; journal=Nature Genetics; PMID=36702997; data_doi=10.6084/m9.figshare.22564390; genome_build=GRCh37; file_name=ADHD2022_iPSYCH_deCODE_PGC.meta.gz; download_url=https://ndownloader.figshare.com/files/40036684
PGC.panic2019	figshare_file	Panic disorder	https://doi.org/10.6084/m9.figshare.16602218	European	ANX	NA	pgc_publication=panic2019; journal=Mol Psych; PMID=31712720; data_doi=10.6084/m9.figshare.16602218; genome_build=GRCh37; file_name=pgc-panic2019.vcf.tsv.gz; download_url=https://ndownloader.figshare.com/files/30731276
PGC.anx2026_GADsymptsQuant	figshare_file	Anxiety disorders (Quantitative)	https://doi.org/10.6084/m9.figshare.31631515	European	ANX	NA	pgc_publication=anx2026_GADsymptsQuant; journal=Nature Human Behavior; PMID=Pending; data_doi=10.6084/m9.figshare.31631515; genome_build=GRCh37; file_name=pgc-anx2-gadsymptsquant-2026_eur.txt.gz; download_url=https://ndownloader.figshare.com/files/62613733
PGC.anx2026	figshare_file	Anxiety disorders (Case-Control)	https://doi.org/10.6084/m9.figshare.31389910	European	ANX	NA	pgc_publication=anx2026; journal=Nature Genetics; PMID=41634414; data_doi=10.6084/m9.figshare.31389910; genome_build=GRCh37; file_name=ANX_2026_daner_fullANX_v12_woUTAH_11022026.gz; download_url=https://ndownloader.figshare.com/files/62089324
PGC.anx2016	figshare_file	Anxiety disorders & factors case-control	https://doi.org/10.6084/m9.figshare.14842689	European	ANX	NA	pgc_publication=anx2016; journal=Mol Psych; PMID=26754954; data_doi=10.6084/m9.figshare.14842689; genome_build=GRCh37; file_name=anxiety.meta.full.cc.tbl.gz; download_url=https://ndownloader.figshare.com/files/28570812
PGC.anx2016_factor_score	figshare_file	Anxiety disorders & factors factor-score	https://doi.org/10.6084/m9.figshare.14842689	European	ANX	NA	pgc_publication=anx2016; journal=Mol Psych; PMID=26754954; data_doi=10.6084/m9.figshare.14842689; genome_build=GRCh37; file_name=anxiety.meta.full.fs.tbl.gz; download_url=https://ndownloader.figshare.com/files/28570815
PGC.asd2019	figshare_file	Autism spectrum disorder	https://doi.org/10.6084/m9.figshare.14671989	European	ASD	46350	pgc_publication=asd2019; journal=Nature Genetics; PMID=30804558; data_doi=10.6084/m9.figshare.14671989; genome_build=GRCh37; file_name=iPSYCH-PGC_ASD_Nov2017.gz; download_url=https://ndownloader.figshare.com/files/28169292
PGC.bip2024	figshare_file	Bipolar disorder	https://doi.org/10.6084/m9.figshare.27216117	European	BIP	NA	pgc_publication=bip2024; journal=Nature; PMID=39843750; data_doi=10.6084/m9.figshare.27216117; genome_build=GRCh37; file_name=bip2024_eur_noUKB_no23andMe.gz; download_url=https://ndownloader.figshare.com/files/49760787
pfactor_grotzinger_2025	figshare_file	Cross-disorder p-factor	https://doi.org/10.6084/m9.figshare.30359017	European	CDG	2168621	pgc_publication=cdg2025; journal=Nature; PMID=Pending; data_doi=10.6084/m9.figshare.30359017; genome_build=GRCh37; cdg2025_factor_file=PFactor_2025.tsv.gz; file_name=PFactor_2025.tsv.gz; download_url=https://ndownloader.figshare.com/files/58731898; sample_size_source=Grotzinger2025_Nature_implied_factor_sample_size
compulsive_disorders_grotzinger_2025	figshare_file	Cross-disorder compulsive disorders factor	https://doi.org/10.6084/m9.figshare.30359017	European	CDG	54100	pgc_publication=cdg2025; journal=Nature; PMID=Pending; data_doi=10.6084/m9.figshare.30359017; genome_build=GRCh37; cdg2025_factor_file=F1_CompulsiveDisorders_2025.tsv.gz; file_name=F1_CompulsiveDisorders_2025.tsv.gz; download_url=https://ndownloader.figshare.com/files/58731913; sample_size_source=Grotzinger2025_Nature_implied_factor_sample_size
schizophrenia_bipolar_grotzinger_2025	figshare_file	Cross-disorder schizophrenia-bipolar factor	https://doi.org/10.6084/m9.figshare.30359017	European	CDG	127202	pgc_publication=cdg2025; journal=Nature; PMID=Pending; data_doi=10.6084/m9.figshare.30359017; genome_build=GRCh37; cdg2025_factor_file=F2_SchizophreniaBipolar_2025.tsv.gz; file_name=F2_SchizophreniaBipolar_2025.tsv.gz; download_url=https://ndownloader.figshare.com/files/58731907; sample_size_source=Grotzinger2025_Nature_implied_factor_sample_size
neurodevelopmental_grotzinger_2025	figshare_file	Cross-disorder neurodevelopmental factor	https://doi.org/10.6084/m9.figshare.30359017	European	CDG	84760	pgc_publication=cdg2025; journal=Nature; PMID=Pending; data_doi=10.6084/m9.figshare.30359017; genome_build=GRCh37; cdg2025_factor_file=F3_Neurodevelopmental_2025.tsv.gz; file_name=F3_Neurodevelopmental_2025.tsv.gz; download_url=https://ndownloader.figshare.com/files/58731910; sample_size_source=Grotzinger2025_Nature_implied_factor_sample_size
internalizing_grotzinger_2025	figshare_file	Cross-disorder internalizing factor	https://doi.org/10.6084/m9.figshare.30359017	European	CDG	1637337	pgc_publication=cdg2025; journal=Nature; PMID=Pending; data_doi=10.6084/m9.figshare.30359017; genome_build=GRCh37; cdg2025_factor_file=F4_Internalizing_2025.tsv.gz; file_name=F4_Internalizing_2025.tsv.gz; download_url=https://ndownloader.figshare.com/files/58731904; sample_size_source=Grotzinger2025_Nature_implied_factor_sample_size
substance_use_grotzinger_2025	figshare_file	Cross-disorder substance use factor	https://doi.org/10.6084/m9.figshare.30359017	European	CDG	313395	pgc_publication=cdg2025; journal=Nature; PMID=Pending; data_doi=10.6084/m9.figshare.30359017; genome_build=GRCh37; cdg2025_factor_file=F5_SubstanceUse_2025.tsv.gz; file_name=F5_SubstanceUse_2025.tsv.gz; download_url=https://ndownloader.figshare.com/files/58731901; sample_size_source=Grotzinger2025_Nature_implied_factor_sample_size
PGC.an2019	figshare_file	Anorexia nervosa	https://doi.org/10.6084/m9.figshare.14671980	European	ED	NA	pgc_publication=an2019; journal=Nature Genetics; PMID=31308545; data_doi=10.6084/m9.figshare.14671980; genome_build=GRCh37; file_name=pgcAN2.2019-07.vcf.tsv.gz; download_url=https://ndownloader.figshare.com/files/28169271
PGC.mdd2025	figshare_file	Major depression	https://doi.org/10.6084/m9.figshare.27061255	European	MDD	NA	pgc_publication=mdd2025; journal=Cell; PMID=39814019; data_doi=10.6084/m9.figshare.27061255; genome_build=GRCh37; file_name=daner_pgc_mdd_no23andMe-noUKBB_eur_hg19_v3.49.24.11.neff.gz; download_url=https://ndownloader.figshare.com/files/52371881
PGC.ts2019	figshare_file	Tourette syndrome	https://doi.org/10.6084/m9.figshare.14672232	European	OCD-TS	14307	pgc_publication=ts2019; journal=Am J Psych; PMID=30818990; data_doi=10.6084/m9.figshare.14672232; genome_build=GRCh37; file_name=TS_Oct2018.gz; download_url=https://ndownloader.figshare.com/files/28169940; sample_size_source=OCD_2025_supplementary_table_18
PGC.ocs2024	figshare_file	Obsessive-compulsive symptoms	https://doi.org/10.6084/m9.figshare.26352157	European	OCD-TS	NA	pgc_publication=ocs2024; journal=Mol Psych; PMID=38548983; data_doi=10.6084/m9.figshare.26352157; genome_build=GRCh37; file_name=ocs2024obsessive-compulsive_symptoms_daner_STR_NTR_SfS_TwinsUK_strometal.gz; download_url=https://ndownloader.figshare.com/files/47855461
PGC.ocd2025	figshare_file	OCD	https://doi.org/10.6084/m9.figshare.28707155	European	OCD-TS	NA	pgc_publication=ocd2025; journal=Nature Genetics; PMID=40360802; data_doi=10.6084/m9.figshare.28707155; genome_build=GRCh37; file_name=daner_OCDmeta_wo23andMe_LOOUKBB_080425.gz; download_url=https://ndownloader.figshare.com/files/58046749
PGC.hoarding2022	figshare_file	Hoarding symptoms	https://doi.org/10.6084/m9.figshare.22177274	European	OCD-TS	NA	pgc_publication=hoarding2022; journal=Transl Psychiatry; PMID=36379924; data_doi=10.6084/m9.figshare.22177274; genome_build=GRCh37; file_name=hoarding2022.vcf.tsv.gz; download_url=https://ndownloader.figshare.com/files/39399566
PGC.ciac	figshare_file	Clozapine induced Agranulocytosis	https://doi.org/10.6084/m9.figshare.26359624	European	OTHER	1357	pgc_publication=ciac; journal=Nature Communications; PMID=25187353; data_doi=10.6084/m9.figshare.26359624; genome_build=GRCh37; file_name=daner_cia_combo_eur-qc.ch.fl.gz; download_url=https://ndownloader.figshare.com/files/47879248; sample_size_source=file_header_case_control_counts
PGC.bpd2025	figshare_file	Borderline personality disorder	https://doi.org/10.6084/m9.figshare.30777305	European	OTHER	NA	pgc_publication=bpd2025; journal=Nature Genetics; PMID=Pending; data_doi=10.6084/m9.figshare.30777305; genome_build=GRCh37; file_name=daner_bpd15_2025_noUKBB_24b.gz; download_url=https://ndownloader.figshare.com/files/60077552
PGC.ptsd2024	figshare_file	PTSD	https://doi.org/10.6084/m9.figshare.26349322	European	PTSD	NA	pgc_publication=ptsd2024; journal=Nature Genetics; PMID=38637617; data_doi=10.6084/m9.figshare.26349322; genome_build=GRCh37; file_name=eur_ptsd_pcs_v4_aug3_2021.vcf.gz; download_url=https://ndownloader.figshare.com/files/47850151
PGC.scz2022	figshare_file	Schizophrenia	https://doi.org/10.6084/m9.figshare.19426775	European	SCZ	NA	pgc_publication=scz2022; journal=Nature; PMID=35396580; data_doi=10.6084/m9.figshare.19426775; genome_build=GRCh37; file_name=PGC3_SCZ_wave3.european.autosome.public.v3.vcf.tsv.gz; download_url=https://ndownloader.figshare.com/files/34517828
PGC.sud2020_op_exposed_controls	figshare_file	Opioid dependence vs opioid-exposed controls	https://doi.org/10.6084/m9.figshare.14672211	European	SUD	NA	pgc_publication=sud2020-op; journal=Mol Psych; PMID=32099098; data_doi=10.6084/m9.figshare.14672211; genome_build=GRCh37; file_name=OD_cases_vs._opioid-exposed_controls_in_European-ancestry_cohorts.gz; download_url=https://ndownloader.figshare.com/files/28169865
PGC.sud2020-cud	figshare_file	Cannabis use disorder	https://doi.org/10.6084/m9.figshare.14842692	European	SUD	NA	pgc_publication=sud2020-cud; journal=Lancet Psychiatry; PMID=33096046; data_doi=10.6084/m9.figshare.14842692; genome_build=GRCh37; file_name=CUD_EUR_casecontrol_public_11.14.2020.gz; download_url=https://ndownloader.figshare.com/files/28570830
PGC.sud2019-alcuse	figshare_file	Alcohol use, AUDIT total score	https://doi.org/10.6084/m9.figshare.14672193	European	SUD	NA	pgc_publication=sud2019-alcuse; journal=Am J Psych; PMID=30336701; data_doi=10.6084/m9.figshare.14672193; genome_build=GRCh37; file_name=AUDIT_UKB_2018_AJP.txt.gz; download_url=https://ndownloader.figshare.com/files/28169838; selected_statistic=beta_T/se_T/p_T; phenotype_description=AUDIT total score from alcohol-use GWAS file containing total consumption and problem-use statistic sets
PGC.sud2018-alc	figshare_file	Alcohol dependence	https://doi.org/10.6084/m9.figshare.14672187	European	SUD	NA	pgc_publication=sud2018-alc; journal=Nature Neurosci; PMID=30482948; data_doi=10.6084/m9.figshare.14672187; genome_build=GRCh37; file_name=pgc_alcdep.aug2018_release.tar.gz; download_url=https://ndownloader.figshare.com/files/28169778
PGC.SUD2023	figshare_file	Substance Use Disorder	https://doi.org/10.6084/m9.figshare.24268882	European	SUD	1025550	pgc_publication=SUD2023; journal=Nature Mental Health; PMID=37250466; data_doi=10.6084/m9.figshare.24268882; genome_build=GRCh37; file_name=Hatoum2023AddictionEuropean.txt.gz; download_url=https://ndownloader.figshare.com/files/42600418; phenotype_description=European general substance use disorder addiction risk factor from Hatoum et al 2023 multivariate GWAS; selected_sample_size=European_descent_N_1025550
standing_height_yengo_2022	direct_url	Standing height	https://giant-consortium.web.broadinstitute.org/images/8/8e/GIANT_HEIGHT_YENGO_2022_GWAS_SUMMARY_STATS_EUR_excluding_UKB.gz	European	Other	1175334	genome_build=GRCh37; GIANT Yengo 2022 EUR excluding UK Biobank.
standing_height_yengo_2022_eur	direct_url	Standing height Yengo 2022 EUR	https://giant-consortium.web.broadinstitute.org/images/f/f7/GIANT_HEIGHT_YENGO_2022_GWAS_SUMMARY_STATS_EUR.gz	European	Other	NA	genome_build=GRCh37; GIANT Yengo 2022 EUR GWAS including UK Biobank.
all_of_us_height_eur	direct_url	Height All of Us EUR	https://dataverse.harvard.edu/api/access/datafile/7172697	European	Other	NA	genome_build=GRCh37; file_name=EUR_height.txt; Harvard Dataverse doi:10.7910/DVN/FAWEQK; All of Us EUR height.
all_of_us_bmi_eur	direct_url	BMI All of Us EUR	https://dataverse.harvard.edu/api/access/datafile/7172698	European	Cardio/metabolic	NA	genome_build=GRCh37; file_name=EUR_bmi.txt; Harvard Dataverse doi:10.7910/DVN/FAWEQK; All of Us EUR BMI.
giant_ukbb_bmi_2018_hapmap2_combined	direct_url	BMI GIANT UK Biobank 2018 HapMap2 combined	https://giant-consortium.web.broadinstitute.org/images/1/14/Bmi.giant-ukbb.meta-analysis.combined.23May2018.HapMap2_only.txt.gz	European	Cardio/metabolic	NA	genome_build=GRCh37; GIANT plus UK Biobank 2018 combined BMI HapMap2-only.
giant_ukbb_whradjbmi_2018_hapmap2_combined	direct_url	WHRadjBMI GIANT UK Biobank 2018 HapMap2 combined	https://giant-consortium.web.broadinstitute.org/images/6/6e/Whradjbmi.giant-ukbb.meta-analysis.combined.23May2018.HapMap2_only.txt.gz	European	Cardio/metabolic	NA	genome_build=GRCh37; GIANT plus UK Biobank 2018 combined WHRadjBMI HapMap2-only.
giant_locke_ukbb_bmi_2018_updated	direct_url	BMI Locke plus UK Biobank 2018 updated	https://giant-consortium.web.broadinstitute.org/images/c/c8/Meta-analysis_Locke_et_al%2BUKBiobank_2018_UPDATED.txt.gz	European	Cardio/metabolic	NA	genome_build=GRCh37; GIANT Locke et al plus UK Biobank 2018 updated BMI.
PGC.alz2021_PGCALZ2_no23andMe	nextcloud_file	Alzheimer disease PGCALZ2 excluding 23andMe	https://vu.data.surf.nl/index.php/s/jVlyt1m9Bb2mAki	European	ALZ	74046	share_token=jVlyt1m9Bb2mAki; file=PGCALZ2sumstatsExcluding23andMe.txt.gz; genome_build=GRCh37; pgc_publication=alz2021; PMID=34493870; source=CNCR summary statistics.
CNCR.meta_analysis_BV_Jansenetal_2020	nextcloud_file	Brain volume Jansen Nagel 2020 meta-analysis	https://vu.data.surfsara.nl/index.php/s/pYTElPlN3GtmfIg	European	Neuroimaging	NA	share_token=pYTElPlN3GtmfIg; file=meta_analysis_BV_Jansenetal_2020.sumstats.txt.gz; genome_build=GRCh37; publication=Jansen PR, Nagel M et al. 2020 Nature Communications; source=CNCR summary statistics.
CNCR.UKB_bv_height_cor	nextcloud_file	Brain volume UKB height-corrected	https://vu.data.surfsara.nl/index.php/s/pYTElPlN3GtmfIg	European	Neuroimaging	NA	share_token=pYTElPlN3GtmfIg; file=UKB_bv_height_cor.sumstats.txt.gz; genome_build=GRCh37; publication=Jansen PR, Nagel M et al. 2020 Nature Communications; source=CNCR summary statistics.
broadabc2022_combined	nextcloud_file	Broad antisocial behavior	https://vu.data.surf.nl/index.php/s/h6nnBvo86I7MbLv	European	Behavioral/Psychiatric	85359	share_token=h6nnBvo86I7MbLv; file=broadABC2022_Final_CombinedSex.TBL.gz; genome_build=GRCh37; publication=Tielbeek et al. 2022 Molecular Psychiatry; effective_n=56575.
broadabc2022_females	nextcloud_file	Broad antisocial behavior female meta-analysis	https://vu.data.surf.nl/index.php/s/h6nnBvo86I7MbLv	European	Behavioral/Psychiatric	NA	share_token=h6nnBvo86I7MbLv; file=broadABC2022_Final_Females.txt.gz; genome_build=GRCh37; publication=Tielbeek et al. 2022 Molecular Psychiatry; sex=female; limited_datasets_n=50252.
broadabc2022_males	nextcloud_file	Broad antisocial behavior male meta-analysis	https://vu.data.surf.nl/index.php/s/h6nnBvo86I7MbLv	European	Behavioral/Psychiatric	NA	share_token=h6nnBvo86I7MbLv; file=broadABC2022_Final_Males.txt.gz; genome_build=GRCh37; publication=Tielbeek et al. 2022 Molecular Psychiatry; sex=male; limited_datasets_n=50252.
EGG.EGG-GWAS-BL	direct_url	Birth length adjusted for sex and gestational age	https://egg-consortium.org/Birth_Length/EGG-GWAS-BL.txt.gz	European	EGG	28459	genome_build=NCBI36/HapMap; egg_page=https://egg-consortium.org/birth-length.html; phenotype_description=Birth length transformed to sex- and gestational-age-adjusted residuals in a 22-study genome-wide meta-analysis.; source_file=EGG-GWAS-BL.txt.gz; citation=van_der_Valk_2014_HMG
EGG.EGG_BW2_DISCOVERY	direct_url	Own birth weight, fetal GWAS	https://egg-consortium.org/BW2/EGG_BW2_DISCOVERY.txt.gz	European	EGG	26836	genome_build=HapMap_r27; egg_page=https://egg-consortium.org/birth-weight.html; phenotype_description=Own birth weight genome-wide meta-analysis of up to 18 population-based European studies.; source_file=EGG_BW2_DISCOVERY.txt.gz; citation=Horikoshi_2013_Nat_Genet
EGG.BW3_EUR_summary_stats	direct_url	Own birth weight, European-only meta-analysis	https://egg-consortium.org/BW3/BW3_EUR_summary_stats.txt.gz	European	EGG	143677	genome_build=GRCh37; egg_page=https://egg-consortium.org/birth-weight-2016.html; phenotype_description=Birth weight z-score transformed within sex; European-only EGG plus UK Biobank meta-analysis.; source_file=BW3_EUR_summary_stats.txt.gz; citation=Horikoshi_2016_Nature
EGG.BW3_Transethnic_summary_stats	direct_url	Own birth weight, trans-ancestry meta-analysis	https://egg-consortium.org/BW3/BW3_Transethnic_summary_stats.txt.gz	Trans-ancestry	EGG	153781	genome_build=GRCh37; egg_page=https://egg-consortium.org/birth-weight-2016.html; phenotype_description=Birth weight z-score transformed within sex; trans-ancestry EGG plus UK Biobank meta-analysis.; ancestry=trans-ancestry; source_file=BW3_Transethnic_summary_stats.txt.gz; citation=Horikoshi_2016_Nature
EGG.MBW_Summary_Stats	direct_url	Maternal genetic association with offspring birth weight	https://egg-consortium.org/MBW/MBW_Summary_Stats.txt.gz	European	EGG	86577	genome_build=GRCh37; egg_page=https://egg-consortium.org/offspring-birth-weight.html; phenotype_description=Maternal genotype association with offspring birth weight z-score, adjusted for offspring sex and gestational week where available.; source_file=MBW_Summary_Stats.txt.gz; citation=Beaumont_2018_HMG
EGG.Fetal_BW_European_meta.NG2019	direct_url	Own birth weight, European fetal or own genetic effect	https://egg-consortium.org/BW5/Fetal_BW_European_meta.NG2019.txt.gz	European	EGG	298142	genome_build=GRCh37; egg_page=https://egg-consortium.org/birth-weight-2019.html; phenotype_description=Own birth weight: the individual own genetic effect on their own birth weight in a European-only meta-analysis.; source_file=Fetal_BW_European_meta.NG2019.txt.gz; citation=Warrington_2019_Nat_Genet
EGG.Fetal_BW_transethnic_meta.NG2019	direct_url	Own birth weight, trans-ancestry fetal or own genetic effect	https://egg-consortium.org/BW5/Fetal_BW_transethnic_meta.NG2019.txt.gz	Trans-ancestry	EGG	321223	genome_build=GRCh37; egg_page=https://egg-consortium.org/birth-weight-2019.html; phenotype_description=Own birth weight: the individual own genetic effect on their own birth weight in a trans-ancestry meta-analysis.; ancestry=trans-ancestry; source_file=Fetal_BW_transethnic_meta.NG2019.txt.gz; citation=Warrington_2019_Nat_Genet
EGG.Maternal_BW_European_meta.NG2019	direct_url	Offspring birth weight, European maternal genetic effect	https://egg-consortium.org/BW5/Maternal_BW_European_meta.NG2019.txt.gz	European	EGG	210267	genome_build=GRCh37; egg_page=https://egg-consortium.org/birth-weight-2019.html; phenotype_description=Offspring birth weight: maternal genetic effect on offspring birth weight in a European-only meta-analysis.; source_file=Maternal_BW_European_meta.NG2019.txt.gz; citation=Warrington_2019_Nat_Genet
EGG.Maternal_BW_transethnic_meta.NG2019	direct_url	Offspring birth weight, trans-ancestry maternal genetic effect	https://egg-consortium.org/BW5/Maternal_BW_transethnic_meta.NG2019.txt.gz	Trans-ancestry	EGG	230069	genome_build=GRCh37; egg_page=https://egg-consortium.org/birth-weight-2019.html; phenotype_description=Offspring birth weight: maternal genetic effect on offspring birth weight in a trans-ancestry meta-analysis.; ancestry=trans-ancestry; source_file=Maternal_BW_transethnic_meta.NG2019.txt.gz; citation=Warrington_2019_Nat_Genet
EGG.Fetal_Effect_European_meta_NG2019	direct_url	Direct fetal genetic effect on birth weight adjusted for maternal genotype	https://egg-consortium.org/BW5/Fetal_Effect_European_meta_NG2019.txt.gz	European	EGG	297356	genome_build=GRCh37; egg_page=https://egg-consortium.org/birth-weight-2019.html; phenotype_description=Fetal effect: individual own genetic effect on own birth weight after adjusting for correlated maternal genotype.; source_file=Fetal_Effect_European_meta_NG2019.txt.gz; citation=Warrington_2019_Nat_Genet; offspring_birth_weight_n=210248; overlap_n=101541
EGG.Maternal_Effect_European_meta_NG2019	direct_url	Maternal genetic effect on offspring birth weight adjusted for fetal genotype	https://egg-consortium.org/BW5/Maternal_Effect_European_meta_NG2019.txt.gz	European	EGG	297356	genome_build=GRCh37; egg_page=https://egg-consortium.org/birth-weight-2019.html; phenotype_description=Maternal effect: mother genetic effect on offspring birth weight after adjusting for correlated offspring genotype.; source_file=Maternal_Effect_European_meta_NG2019.txt.gz; citation=Warrington_2019_Nat_Genet; offspring_birth_weight_n=210248; overlap_n=101541
EGG.twin_birth_weight_2021	direct_url	Twin birth weight, fetal GWAS meta-analysis	https://ftp.ebi.ac.uk/pub/databases/gwas/summary_statistics/GCST90000001-GCST90001000/GCST90000030/GCST90000030_buildGRCh37.tsv	European	EGG	42212	genome_build=GRCh37; egg_page=https://egg-consortium.org/Twin-birth-weight-2021.html; phenotype_description=Twin birth weight meta-analysis from population-based twin registers and UK Biobank; SNPs retained when present in more than 70 percent of participants.; source_file=GCST90000030_buildGRCh37.tsv; citation=Beck_2021_HMG
EGG.EGG_Obesity_Meta_Analysis_1	direct_url	Childhood obesity case-control, BMI at or above 95th percentile vs below 50th percentile	https://egg-consortium.org/Childhood_Obesity_2013/EGG_Obesity_Meta_Analysis_1.txt.gz	European	EGG	13848	genome_build=HapMap_CEU; egg_page=https://egg-consortium.org/childhood-obesity.html; phenotype_description=Childhood obesity case-control meta-analysis with cases BMI at or above the 95th percentile and controls BMI below the 50th percentile.; source_file=EGG_Obesity_Meta_Analysis_1.txt.gz; citation=Bradfield_2012_Nat_Genet; cases=5530; controls=8318
EGG.CHILDHOOD_OBESITY_TRANS_ANCESTRAL_RESULTS	direct_url	Childhood obesity trans-ancestry case-control	https://egg-consortium.org/Childhood_Obesity_2019/CHILDHOOD_OBESITY.TRANS_ANCESTRAL.RESULTS.txt.gz	Trans-ancestry	EGG	NA	genome_build=GRCh37; egg_page=https://egg-consortium.org/childhood-obesity-2019.html; phenotype_description=Childhood obesity case-control meta-analysis; cases had BMI at or above the 95th percentile at any point in childhood and controls had BMI at or below the 50th percentile consistently throughout childhood.; ancestry=trans-ancestry; source_file=CHILDHOOD_OBESITY.TRANS_ANCESTRAL.RESULTS.txt.gz; citation=Vogelezang_2019_HMG
EGG.EGG_BMI_HapMap_DISCOVERY	direct_url	Childhood BMI standard deviation score at oldest age between 2 and 10 years	https://egg-consortium.org/Childhood_BMI/EGG_BMI_HapMap_DISCOVERY.txt.gz	European	EGG	35668	genome_build=HapMap; egg_page=https://egg-consortium.org/childhood-bmi.html; phenotype_description=BMI at the latest available time point between 2 and 10 years transformed to sex- and age-adjusted standard deviation scores.; source_file=EGG_BMI_HapMap_DISCOVERY.txt.gz; citation=Felix_2016_HMG
EGG.childhood_bmi_2020	direct_url	Childhood BMI standard deviation score, 2020 European meta-analysis	https://ftp.ebi.ac.uk/pub/databases/gwas/summary_statistics/GCST90002001-GCST90003000/GCST90002409/GCST90002409_buildGRCh37.tsv.gz	European	EGG	39620	genome_build=GRCh37; egg_page=https://egg-consortium.org/Childhood-body-mass-index-2020.html; phenotype_description=Sex- and age-adjusted childhood BMI standard deviation score from the discovery stage of a fixed-effects GWAS meta-analysis.; source_file=GCST90002409_buildGRCh37.tsv.gz; citation=Vogelezang_2020_PLoS_Genet
EGG.EGG_HC_DISCOVERY.v2	direct_url	Infant head circumference standard deviation score	https://egg-consortium.org/HC/EGG_HC_DISCOVERY.v2.txt.gz	European	EGG	10678	genome_build=HapMap_r27; egg_page=https://egg-consortium.org/head-circumference.html; phenotype_description=Infant head circumference transformed to sex- and age-adjusted standard deviation scores in seven European population-based studies.; source_file=EGG_HC_DISCOVERY.v2.txt.gz; citation=Taal_2012_Nat_Genet
EGG.HC_INFANT.filteredDf0	direct_url	Head circumference standard deviation score between 6 and 30 months	https://egg-consortium.org/HC2/HC_INFANT.filteredDf0.txt.gz	European	EGG	22279	genome_build=GRCh37; egg_page=https://egg-consortium.org/Head-circumference-2022.html; phenotype_description=Head circumference between 6 and 30 months of age, closest to 18 months where multiple measures were available, transformed to sex- and age-adjusted standard deviation scores.; source_file=HC_INFANT.filteredDf0.txt.gz; citation=Vogelezang_2022_BMC_Med_Genomics
EGG.HC_BIRTH.filteredDf0	direct_url	Head circumference standard deviation score at birth	https://egg-consortium.org/HC2/HC_BIRTH.filteredDf0.txt.gz	European	EGG	32084	genome_build=GRCh37; egg_page=https://egg-consortium.org/Head-circumference-2022.html; phenotype_description=Head circumference at birth transformed to sex- and age-adjusted standard deviation scores.; source_file=HC_BIRTH.filteredDf0.txt.gz; citation=Vogelezang_2022_BMC_Med_Genomics
EGG.Pubertal_growth_10F	direct_url	Pubertal growth take-off height in girls at age 10	https://egg-consortium.org/Pubertal_Growth/Pubertal_growth_10F.txt.gz	European	EGG	NA	genome_build=HapMap_CEU_r22; egg_page=https://egg-consortium.org/pubertal-growth.html; phenotype_description=Single height measurement at age 10 in girls targeting the take-off phase of the pubertal growth spurt.; source_file=Pubertal_growth_10F.txt.gz; citation=Cousminer_2013_HMG
EGG.Pubertal_growth_12M	direct_url	Pubertal growth take-off height in boys at age 12	https://egg-consortium.org/Pubertal_Growth/Pubertal_growth_12M.txt.gz	European	EGG	NA	genome_build=HapMap_CEU_r22; egg_page=https://egg-consortium.org/pubertal-growth.html; phenotype_description=Single height measurement at age 12 in boys targeting the take-off phase of the pubertal growth spurt.; source_file=Pubertal_growth_12M.txt.gz; citation=Cousminer_2013_HMG
EGG.Pubertal_growth_10F_12M_combined	direct_url	Pubertal growth take-off height, girls age 10 and boys age 12 combined	https://egg-consortium.org/Pubertal_Growth/Pubertal_growth_10F_12M_combined.txt.gz	European	EGG	NA	genome_build=HapMap_CEU_r22; egg_page=https://egg-consortium.org/pubertal-growth.html; phenotype_description=Sex-combined take-off-phase phenotype using height at age 10 in girls and age 12 in boys.; source_file=Pubertal_growth_10F_12M_combined.txt.gz; citation=Cousminer_2013_HMG
EGG.Pubertal_growth_PGF	direct_url	Total pubertal growth in girls	https://egg-consortium.org/Pubertal_Growth/Pubertal_growth_PGF.txt.gz	European	EGG	NA	genome_build=HapMap_CEU_r22; egg_page=https://egg-consortium.org/pubertal-growth.html; phenotype_description=Total amount of growth across the pubertal growth period in girls.; source_file=Pubertal_growth_PGF.txt.gz; citation=Cousminer_2013_HMG
EGG.Pubertal_growth_PGM	direct_url	Total pubertal growth in boys	https://egg-consortium.org/Pubertal_Growth/Pubertal_growth_PGM.txt.gz	European	EGG	NA	genome_build=HapMap_CEU_r22; egg_page=https://egg-consortium.org/pubertal-growth.html; phenotype_description=Total amount of growth across the pubertal growth period in boys.; source_file=Pubertal_growth_PGM.txt.gz; citation=Cousminer_2013_HMG
EGG.Pubertal_growth_PGF_PGM_combined	direct_url	Total pubertal growth, sexes combined	https://egg-consortium.org/Pubertal_Growth/Pubertal_growth_PGF_PGM_combined.txt.gz	European	EGG	NA	genome_build=HapMap_CEU_r22; egg_page=https://egg-consortium.org/pubertal-growth.html; phenotype_description=Sex-combined total amount of growth across the pubertal growth period.; source_file=Pubertal_growth_PGF_PGM_combined.txt.gz; citation=Cousminer_2013_HMG
EGG.Pubertal_growth_PTF	direct_url	Late-adolescent pubertal growth in girls	https://egg-consortium.org/Pubertal_Growth/Pubertal_growth_PTF.txt.gz	European	EGG	NA	genome_build=HapMap_CEU_r22; egg_page=https://egg-consortium.org/pubertal-growth.html; phenotype_description=Total growth in late adolescence in girls, targeting timing of peak height growth velocity.; source_file=Pubertal_growth_PTF.txt.gz; citation=Cousminer_2013_HMG
EGG.Pubertal_growth_PTM	direct_url	Late-adolescent pubertal growth in boys	https://egg-consortium.org/Pubertal_Growth/Pubertal_growth_PTM.txt.gz	European	EGG	NA	genome_build=HapMap_CEU_r22; egg_page=https://egg-consortium.org/pubertal-growth.html; phenotype_description=Total growth in late adolescence in boys, targeting timing of peak height growth velocity.; source_file=Pubertal_growth_PTM.txt.gz; citation=Cousminer_2013_HMG
EGG.Pubertal_growth_PTF_PTM_combined	direct_url	Late-adolescent pubertal growth, sexes combined	https://egg-consortium.org/Pubertal_Growth/Pubertal_growth_PTF_PTM_combined.txt.gz	European	EGG	NA	genome_build=HapMap_CEU_r22; egg_page=https://egg-consortium.org/pubertal-growth.html; phenotype_description=Sex-combined total growth in late adolescence, targeting timing of peak height growth velocity.; source_file=Pubertal_growth_PTF_PTM_combined.txt.gz; citation=Cousminer_2013_HMG
EGG.EGG_infancy_slope	direct_url	Longitudinal BMI slope in infancy, 2 weeks to 6 months	https://egg-consortium.org/Longitudinal_BMI/EGG_infancy_slope.txt.gz	European	EGG	19308	genome_build=GRCh37; egg_page=https://egg-consortium.org/longitudinal_growth.html; phenotype_description=Slope of repeated-measures BMI trajectory in infancy from two weeks to six months.; source_file=EGG_infancy_slope.txt.gz; citation=Couto_Alves_2024; model=longitudinal_repeated_measures_BMI
EGG.EGG_early_childhood_slope	direct_url	Longitudinal BMI slope in early childhood, 1.5 to 3.5 years	https://egg-consortium.org/Longitudinal_BMI/EGG_early_childhood_slope.txt.gz	European	EGG	19308	genome_build=GRCh37; egg_page=https://egg-consortium.org/longitudinal_growth.html; phenotype_description=Slope of repeated-measures BMI trajectory in early childhood from 1.5 to 3.5 years.; source_file=EGG_early_childhood_slope.txt.gz; citation=Couto_Alves_2024; model=longitudinal_repeated_measures_BMI
EGG.EGG_late_childhood_slope	direct_url	Longitudinal BMI slope in late childhood, 6.5 to 10 years	https://egg-consortium.org/Longitudinal_BMI/EGG_late_childhood_slope.txt.gz	European	EGG	19308	genome_build=GRCh37; egg_page=https://egg-consortium.org/longitudinal_growth.html; phenotype_description=Slope of repeated-measures BMI trajectory in late childhood from 6.5 to 10 years.; source_file=EGG_late_childhood_slope.txt.gz; citation=Couto_Alves_2024; model=longitudinal_repeated_measures_BMI
EGG.EGG_adolescence_slope	direct_url	Longitudinal BMI slope in adolescence, 12 to 17 years	https://egg-consortium.org/Longitudinal_BMI/EGG_adolescence_slope.txt.gz	European	EGG	19308	genome_build=GRCh37; egg_page=https://egg-consortium.org/longitudinal_growth.html; phenotype_description=Slope of repeated-measures BMI trajectory in adolescence from 12 to 17 years.; source_file=EGG_adolescence_slope.txt.gz; citation=Couto_Alves_2024; model=longitudinal_repeated_measures_BMI
EGG.EGG_infancy_AUC	direct_url	Longitudinal BMI area under the curve in infancy, 2 weeks to 6 months	https://egg-consortium.org/Longitudinal_BMI/EGG_infancy_AUC.txt.gz	European	EGG	19308	genome_build=GRCh37; egg_page=https://egg-consortium.org/longitudinal_growth.html; phenotype_description=Area under the repeated-measures BMI trajectory curve in infancy from two weeks to six months.; source_file=EGG_infancy_AUC.txt.gz; citation=Couto_Alves_2024; model=longitudinal_repeated_measures_BMI
EGG.EGG_early_childhood_AUC	direct_url	Longitudinal BMI area under the curve in early childhood, 1.5 to 3.5 years	https://egg-consortium.org/Longitudinal_BMI/EGG_early_childhood_AUC.txt.gz	European	EGG	19308	genome_build=GRCh37; egg_page=https://egg-consortium.org/longitudinal_growth.html; phenotype_description=Area under the repeated-measures BMI trajectory curve in early childhood from 1.5 to 3.5 years.; source_file=EGG_early_childhood_AUC.txt.gz; citation=Couto_Alves_2024; model=longitudinal_repeated_measures_BMI
EGG.EGG_late_childhood_AUC	direct_url	Longitudinal BMI area under the curve in late childhood, 6.5 to 10 years	https://egg-consortium.org/Longitudinal_BMI/EGG_late_childhood_AUC.txt.gz	European	EGG	19308	genome_build=GRCh37; egg_page=https://egg-consortium.org/longitudinal_growth.html; phenotype_description=Area under the repeated-measures BMI trajectory curve in late childhood from 6.5 to 10 years.; source_file=EGG_late_childhood_AUC.txt.gz; citation=Couto_Alves_2024; model=longitudinal_repeated_measures_BMI
EGG.EGG_adolescence_AUC	direct_url	Longitudinal BMI area under the curve in adolescence, 12 to 17 years	https://egg-consortium.org/Longitudinal_BMI/EGG_adolescence_AUC.txt.gz	European	EGG	19308	genome_build=GRCh37; egg_page=https://egg-consortium.org/longitudinal_growth.html; phenotype_description=Area under the repeated-measures BMI trajectory curve in adolescence from 12 to 17 years.; source_file=EGG_adolescence_AUC.txt.gz; citation=Couto_Alves_2024; model=longitudinal_repeated_measures_BMI
EGG.EGG_AP_age	direct_url	Age at adiposity peak	https://egg-consortium.org/Longitudinal_BMI/EGG_AP_age.txt.gz	European	EGG	19308	genome_build=GRCh37; egg_page=https://egg-consortium.org/longitudinal_growth.html; phenotype_description=Age at the adiposity peak derived from repeated-measures BMI trajectories.; source_file=EGG_AP_age.txt.gz; citation=Couto_Alves_2024; model=longitudinal_repeated_measures_BMI
EGG.EGG_AP_BMI	direct_url	BMI at adiposity peak	https://egg-consortium.org/Longitudinal_BMI/EGG_AP_BMI.txt.gz	European	EGG	19308	genome_build=GRCh37; egg_page=https://egg-consortium.org/longitudinal_growth.html; phenotype_description=BMI value at the adiposity peak derived from repeated-measures BMI trajectories.; source_file=EGG_AP_BMI.txt.gz; citation=Couto_Alves_2024; model=longitudinal_repeated_measures_BMI
EGG.EGG_AR_age	direct_url	Age at adiposity rebound	https://egg-consortium.org/Longitudinal_BMI/EGG_AR_age.txt.gz	European	EGG	19308	genome_build=GRCh37; egg_page=https://egg-consortium.org/longitudinal_growth.html; phenotype_description=Age at the adiposity rebound derived from repeated-measures BMI trajectories.; source_file=EGG_AR_age.txt.gz; citation=Couto_Alves_2024; model=longitudinal_repeated_measures_BMI
EGG.EGG_AR_BMI	direct_url	BMI at adiposity rebound	https://egg-consortium.org/Longitudinal_BMI/EGG_AR_BMI.txt.gz	European	EGG	19308	genome_build=GRCh37; egg_page=https://egg-consortium.org/longitudinal_growth.html; phenotype_description=BMI value at the adiposity rebound derived from repeated-measures BMI trajectories.; source_file=EGG_AR_BMI.txt.gz; citation=Couto_Alves_2024; model=longitudinal_repeated_measures_BMI
EGG.EGG_TANNER_males.v2	direct_url	Tanner stage male genital development	https://egg-consortium.org/Tanner_Stage/EGG_TANNER_males.v2.txt.gz	European	EGG	NA	genome_build=HapMap_CEU_r22; egg_page=https://egg-consortium.org/tanner-stage.html; phenotype_description=Tanner stage measure of male genital development as a sexual maturation phenotype.; source_file=EGG_TANNER_males.v2.txt.gz; citation=Cousminer_2014_HMG
EGG.EGG_TANNER_females.v2	direct_url	Tanner stage female breast development	https://egg-consortium.org/Tanner_Stage/EGG_TANNER_females.v2.txt.gz	European	EGG	NA	genome_build=HapMap_CEU_r22; egg_page=https://egg-consortium.org/tanner-stage.html; phenotype_description=Tanner stage measure of female breast development as a sexual maturation phenotype.; source_file=EGG_TANNER_females.v2.txt.gz; citation=Cousminer_2014_HMG
EGG.EGG_TANNER_males_and_females_combined.v2	direct_url	Tanner stage sexual maturation, males and females combined	https://egg-consortium.org/Tanner_Stage/EGG_TANNER_males_and_females_combined.v2.txt.gz	European	EGG	NA	genome_build=HapMap_CEU_r22; egg_page=https://egg-consortium.org/tanner-stage.html; phenotype_description=Sex-combined Tanner stage sexual maturation phenotype combining male genital development and female breast development.; source_file=EGG_TANNER_males_and_females_combined.v2.txt.gz; citation=Cousminer_2014_HMG
EGG.Fetal_gest_duration_NComms2019	direct_url	Fetal genetic effect on gestational duration	https://egg-consortium.org/Fetal_GA/Fetal_gest_duration_NComms2019.txt.gz	European	EGG	84689	genome_build=GRCh37; egg_page=https://egg-consortium.org/gestational-duration-2019.html; phenotype_description=Fetal genetic effect on quantile-transformed gestational duration in days.; source_file=Fetal_gest_duration_NComms2019.txt.gz; citation=Sakai_2019_Nat_Commun
EGG.Fetal_early_preterm_birth_NComms2019	direct_url	Fetal genetic effect on early preterm birth	https://egg-consortium.org/Fetal_GA/Fetal_early_preterm_birth_NComms2019.txt.gz	European	EGG	1139	genome_build=GRCh37; egg_page=https://egg-consortium.org/gestational-duration-2019.html; phenotype_description=Fetal genetic effect on early preterm birth, defined as less than 34 completed weeks versus controls at 39 to less than 42 weeks.; source_file=Fetal_early_preterm_birth_NComms2019.txt.gz; citation=Sakai_2019_Nat_Commun
EGG.Fetal_preterm_birth_NComms2019	direct_url	Fetal genetic effect on preterm birth	https://egg-consortium.org/Fetal_GA/Fetal_preterm_birth_NComms2019.txt.gz	European	EGG	4775	genome_build=GRCh37; egg_page=https://egg-consortium.org/gestational-duration-2019.html; phenotype_description=Fetal genetic effect on preterm birth, defined as less than 37 weeks versus controls at 39 to less than 42 weeks.; source_file=Fetal_preterm_birth_NComms2019.txt.gz; citation=Sakai_2019_Nat_Commun
EGG.Fetal_postterm_birth_NComms2019	direct_url	Fetal genetic effect on postterm birth	https://egg-consortium.org/Fetal_GA/Fetal_postterm_birth_NComms2019.txt.gz	European	EGG	7888	genome_build=GRCh37; egg_page=https://egg-consortium.org/gestational-duration-2019.html; phenotype_description=Fetal genetic effect on postterm birth, defined as at least 42 weeks versus controls at 39 to less than 42 weeks.; source_file=Fetal_postterm_birth_NComms2019.txt.gz; citation=Sakai_2019_Nat_Commun
EGG.EGG_Maternal_GWAMA_allPTD	direct_url	Maternal genetic effect on spontaneous preterm delivery	https://egg-consortium.org/GA_2022/EGG_Maternal_GWAMA_allPTD.txt.gz	European	EGG	233290	genome_build=GRCh37; egg_page=https://egg-consortium.org/Gestational-duration-2023.html; phenotype_description=Maternal GWAS meta-analysis of spontaneous preterm delivery.; source_file=EGG_Maternal_GWAMA_allPTD.txt.gz; citation=Sole_Navais_2023_Nat_Genet; excludes_23andMe=true; cases=15419
EGG.EGG_Maternal_GWAMA_GAraw	direct_url	Maternal genetic effect on gestational duration in days	https://egg-consortium.org/GA_2022/EGG_Maternal_GWAMA_GAraw.txt.gz	European	EGG	151987	genome_build=GRCh37; egg_page=https://egg-consortium.org/Gestational-duration-2023.html; phenotype_description=Maternal GWAS meta-analysis of gestational duration in days for spontaneous deliveries.; source_file=EGG_Maternal_GWAMA_GAraw.txt.gz; citation=Sole_Navais_2023_Nat_Genet; excludes_23andMe=true
EGG.EGG_Maternal_GWAMA_postTerm	direct_url	Maternal genetic effect on post-term delivery	https://egg-consortium.org/GA_2022/EGG_Maternal_GWAMA_postTerm.txt.gz	European	EGG	131279	genome_build=GRCh37; egg_page=https://egg-consortium.org/Gestational-duration-2023.html; phenotype_description=Maternal GWAS meta-analysis of post-term delivery.; source_file=EGG_Maternal_GWAMA_postTerm.txt.gz; citation=Sole_Navais_2023_Nat_Genet; excludes_23andMe=true; cases=15972
EGG.EGG-TotalGWG-Maternal	direct_url	Total gestational weight gain, maternal genotype	https://egg-consortium.org/GWG/EGG-TotalGWG-Maternal.txt.gz	European	EGG	10555	genome_build=NCBI36/HapMap_r22; egg_page=https://egg-consortium.org/gestational-weight-gain.html; phenotype_description=Total gestational weight gain: last gestational weight at or after 28 weeks minus pre- or early-pregnancy weight, divided by gestational weeks at last measurement, using maternal genotype.; source_file=EGG-TotalGWG-Maternal.txt.gz; citation=Paternoster_2017
EGG.EGG-EarlyGWG-Maternal	direct_url	Early gestational weight gain, maternal genotype	https://egg-consortium.org/GWG/EGG-EarlyGWG-Maternal.txt.gz	European	EGG	7704	genome_build=NCBI36/HapMap_r22; egg_page=https://egg-consortium.org/gestational-weight-gain.html; phenotype_description=Early gestational weight gain: weight change from pre- or early-pregnancy to 18-20 completed weeks divided by gestational weeks at that measurement, using maternal genotype.; source_file=EGG-EarlyGWG-Maternal.txt.gz; citation=Paternoster_2017
EGG.EGG-LateGWG-Maternal	direct_url	Late gestational weight gain, maternal genotype	https://egg-consortium.org/GWG/EGG-LateGWG-Maternal.txt.gz	European	EGG	7681	genome_build=NCBI36/HapMap_r22; egg_page=https://egg-consortium.org/gestational-weight-gain.html; phenotype_description=Late gestational weight gain: weight change from 18-20 weeks to the last weight at or after 28 weeks divided by weeks between measurements, using maternal genotype.; source_file=EGG-LateGWG-Maternal.txt.gz; citation=Paternoster_2017
EGG.EGG-TotalGWG-Offspring	direct_url	Total gestational weight gain, offspring genotype	https://egg-consortium.org/GWG/EGG-TotalGWG-Offspring.txt.gz	European	EGG	16469	genome_build=NCBI36/HapMap_r22; egg_page=https://egg-consortium.org/gestational-weight-gain.html; phenotype_description=Total gestational weight gain using offspring genotype.; source_file=EGG-TotalGWG-Offspring.txt.gz; citation=Paternoster_2017
EGG.EGG-EarlyGWG-Offspring	direct_url	Early gestational weight gain, offspring genotype	https://egg-consortium.org/GWG/EGG-EarlyGWG-Offspring.txt.gz	European	EGG	8552	genome_build=NCBI36/HapMap_r22; egg_page=https://egg-consortium.org/gestational-weight-gain.html; phenotype_description=Early gestational weight gain using offspring genotype.; source_file=EGG-EarlyGWG-Offspring.txt.gz; citation=Paternoster_2017
EGG.EGG-LateGWG-Offspring	direct_url	Late gestational weight gain, offspring genotype	https://egg-consortium.org/GWG/EGG-LateGWG-Offspring.txt.gz	European	EGG	8625	genome_build=NCBI36/HapMap_r22; egg_page=https://egg-consortium.org/gestational-weight-gain.html; phenotype_description=Late gestational weight gain using offspring genotype.; source_file=EGG-LateGWG-Offspring.txt.gz; citation=Paternoster_2017
EGG.pw_fetal_sex_gest	direct_url	Placental weight, fetal genotype adjusted for fetal sex and gestational duration	https://egg-consortium.org/PW/pw_fetal_sex_gest.gz	European	EGG	65405	genome_build=GRCh37; egg_page=https://egg-consortium.org/placental-weight-2023.html; phenotype_description=Fetal GWAS of z-score transformed placental weight adjusted for fetal sex and gestational duration.; source_file=pw_fetal_sex_gest.gz; citation=Beaumont_2023_Nat_Genet
EGG.pw_maternal_sex_gest	direct_url	Placental weight, maternal genotype adjusted for fetal sex and gestational duration	https://egg-consortium.org/PW/pw_maternal_sex_gest.gz	European	EGG	61228	genome_build=GRCh37; egg_page=https://egg-consortium.org/placental-weight-2023.html; phenotype_description=Maternal GWAS of z-score transformed placental weight adjusted for fetal sex and gestational duration.; source_file=pw_maternal_sex_gest.gz; citation=Beaumont_2023_Nat_Genet
EGG.pw_paternal_sex_gest	direct_url	Placental weight, paternal genotype adjusted for fetal sex and gestational duration	https://egg-consortium.org/PW/pw_paternal_sex_gest.gz	European	EGG	52392	genome_build=GRCh37; egg_page=https://egg-consortium.org/placental-weight-2023.html; phenotype_description=Paternal GWAS of z-score transformed placental weight adjusted for fetal sex and gestational duration.; source_file=pw_paternal_sex_gest.gz; citation=Beaumont_2023_Nat_Genet
EGG.pw_fetal_sex	direct_url	Placental weight, fetal genotype adjusted for fetal sex only	https://egg-consortium.org/PW/pw_fetal_sex.gz	European	EGG	65405	genome_build=GRCh37; egg_page=https://egg-consortium.org/placental-weight-2023.html; phenotype_description=Fetal GWAS of z-score transformed placental weight adjusted for fetal sex only.; source_file=pw_fetal_sex.gz; citation=Beaumont_2023_Nat_Genet
EGG.pw_maternal_sex	direct_url	Placental weight, maternal genotype adjusted for fetal sex only	https://egg-consortium.org/PW/pw_maternal_sex.gz	European	EGG	61228	genome_build=GRCh37; egg_page=https://egg-consortium.org/placental-weight-2023.html; phenotype_description=Maternal GWAS of z-score transformed placental weight adjusted for fetal sex only.; source_file=pw_maternal_sex.gz; citation=Beaumont_2023_Nat_Genet
EGG.pw_paternal_sex	direct_url	Placental weight, paternal genotype adjusted for fetal sex only	https://egg-consortium.org/PW/pw_paternal_sex.gz	European	EGG	52392	genome_build=GRCh37; egg_page=https://egg-consortium.org/placental-weight-2023.html; phenotype_description=Paternal GWAS of z-score transformed placental weight adjusted for fetal sex only.; source_file=pw_paternal_sex.gz; citation=Beaumont_2023_Nat_Genet
EGG.wlm_sex_gest_plus_p_fetal	direct_url	Placental weight weighted-linear-model fetal genotype effect	https://egg-consortium.org/PW/wlm_sex_gest_plus_p.gz	European	EGG	65405	genome_build=GRCh37; egg_page=https://egg-consortium.org/placental-weight-2023.html; phenotype_description=Weighted linear model fetal genotype effect on placental weight, adjusting correlated fetal, maternal and paternal genotypes.; source_file=wlm_sex_gest_plus_p.gz; citation=Beaumont_2023_Nat_Genet; beta_col=wlm_beta_fetal; se_col=wlm_se_fetal; p_col=wlm_p_fetal; n_col=n_fetal
EGG.wlm_sex_gest_plus_p_maternal	direct_url	Placental weight weighted-linear-model maternal genotype effect	https://egg-consortium.org/PW/wlm_sex_gest_plus_p.gz	European	EGG	61228	genome_build=GRCh37; egg_page=https://egg-consortium.org/placental-weight-2023.html; phenotype_description=Weighted linear model maternal genotype effect on placental weight, adjusting correlated fetal, maternal and paternal genotypes.; source_file=wlm_sex_gest_plus_p.gz; citation=Beaumont_2023_Nat_Genet; beta_col=wlm_beta_maternal; se_col=wlm_se_maternal; p_col=wlm_p_maternal; n_col=n_maternal
EGG.wlm_sex_gest_plus_p_paternal	direct_url	Placental weight weighted-linear-model paternal genotype effect	https://egg-consortium.org/PW/wlm_sex_gest_plus_p.gz	European	EGG	52392	genome_build=GRCh37; egg_page=https://egg-consortium.org/placental-weight-2023.html; phenotype_description=Weighted linear model paternal genotype effect on placental weight, adjusting correlated fetal, maternal and paternal genotypes.; source_file=wlm_sex_gest_plus_p.gz; citation=Beaumont_2023_Nat_Genet; beta_col=wlm_beta_paternal; se_col=wlm_se_paternal; p_col=wlm_p_paternal; n_col=n_paternal
GCST90568441	gwas_catalog	ACTION ADHD symptom counts and diagnosis	https://www.ebi.ac.uk/gwas/studies/GCST90568441	European	Mental/psychiatric/nervous	299017	genome_build=GRCh37; source=GWAS Catalog; ACTION consortium; phenotype=ADHD symptom counts plus ADHD diagnosis; author_notes=van_der_Laan_2024_medRxiv_plus_Demontis_2023_ADHD_diagnosis
GCST90568440	gwas_catalog	ACTION ADHD symptom counts	https://www.ebi.ac.uk/gwas/studies/GCST90568440	European	Mental/psychiatric/nervous	73483	genome_build=GRCh37; source=GWAS Catalog; ACTION consortium; phenotype=ADHD symptom counts; author_notes=van_der_Laan_2024_medRxiv
GCST90572791	gwas_catalog	Hypothyroidism excluding 23andMe	https://ftp.ebi.ac.uk/pub/databases/gwas/summary_statistics/GCST90572001-GCST90573000/GCST90572791/	European	Cardio/metabolic	1178661	genome_build=GRCh37; source=GWAS Catalog; excludes_23andMe=true; trait=Hypothyroidism; sample_size_european=1046991; sample_size_NR=131670
GCST90572789	gwas_catalog	Thyroid stimulating hormone levels	https://ftp.ebi.ac.uk/pub/databases/gwas/summary_statistics/GCST90572001-GCST90573000/GCST90572789/	European	Cardio/metabolic	482873	genome_build=GRCh37; source=GWAS Catalog; trait=TSH; phenotype=thyroid_stimulating_hormone_levels
GCST90572790	gwas_catalog	Thyroxine levels	https://ftp.ebi.ac.uk/pub/databases/gwas/summary_statistics/GCST90572001-GCST90573000/GCST90572790/	European	Cardio/metabolic	191449	genome_build=GRCh37; source=GWAS Catalog; trait=T4; phenotype=thyroxine_levels
age_related_hearing_loss_shi_2025	direct_url	Age-related hearing loss multi-ancestry meta-GWAS	https://zenodo.org/api/records/17141085/files/All_MVP_Trpchevska_De-Angelis_BBJ.N.txt.gz/content	Trans-ancestry	Sensory/neurological	1510447	genome_build=GRCh37; source=Zenodo record 17141085; DOI=10.5281/zenodo.17141085; phenotype=age_related_hearing_loss; cases=456413; controls=1053834; ancestry=European_East_Asian_African_Admixed_American; file_name=All_MVP_Trpchevska_De-Angelis_BBJ.N.txt.gz
education_field_cheesman_2025_meta_agri	direct_url	Educational field Agriculture main GWAS	https://zenodo.org/api/records/15584414/files/Cheesman_meta_agri.txt.gz/content	European	Cognition/SES	NA	genome_build=GRCh37; source=Zenodo record 15584414; DOI=10.5281/zenodo.15584414; file_name=Cheesman_meta_agri.txt.gz; analysis=main_educational_field_GWAS; field=agri
education_field_cheesman_2025_ea4sub_engineering	direct_url	Educational field Engineering GWAS adjusted for educational attainment	https://zenodo.org/api/records/15584414/files/Cheesman_engineering_EA4sub_sumstats.txt.gz/content	European	Cognition/SES	NA	genome_build=GRCh37; source=Zenodo record 15584414; DOI=10.5281/zenodo.15584414; file_name=Cheesman_engineering_EA4sub_sumstats.txt.gz; analysis=GWAS_by_subtraction_adjusted_for_EA; field=engineering
education_field_cheesman_2025_ea4sub_health	direct_url	Educational field Health GWAS adjusted for educational attainment	https://zenodo.org/api/records/15584414/files/Cheesman_health_EA4sub_sumstats.txt.gz/content	European	Cognition/SES	NA	genome_build=GRCh37; source=Zenodo record 15584414; DOI=10.5281/zenodo.15584414; file_name=Cheesman_health_EA4sub_sumstats.txt.gz; analysis=GWAS_by_subtraction_adjusted_for_EA; field=health
education_field_cheesman_2025_ea4sub_ict	direct_url	Educational field Information and communication technologies GWAS adjusted for educational attainment	https://zenodo.org/api/records/15584414/files/Cheesman_ict_EA4sub_sumstats.txt.gz/content	European	Cognition/SES	NA	genome_build=GRCh37; source=Zenodo record 15584414; DOI=10.5281/zenodo.15584414; file_name=Cheesman_ict_EA4sub_sumstats.txt.gz; analysis=GWAS_by_subtraction_adjusted_for_EA; field=ict
education_field_cheesman_2025_ea4sub_natural_sci	direct_url	Educational field Natural sciences mathematics and statistics GWAS adjusted for educational attainment	https://zenodo.org/api/records/15584414/files/Cheesman_natural_sci_EA4sub_sumstats.txt.gz/content	European	Cognition/SES	NA	genome_build=GRCh37; source=Zenodo record 15584414; DOI=10.5281/zenodo.15584414; file_name=Cheesman_natural_sci_EA4sub_sumstats.txt.gz; analysis=GWAS_by_subtraction_adjusted_for_EA; field=natural_sci
education_field_cheesman_2025_ea4sub_services	direct_url	Educational field Services GWAS adjusted for educational attainment	https://zenodo.org/api/records/15584414/files/Cheesman_services_EA4sub_sumstats.txt.gz/content	European	Cognition/SES	NA	genome_build=GRCh37; source=Zenodo record 15584414; DOI=10.5281/zenodo.15584414; file_name=Cheesman_services_EA4sub_sumstats.txt.gz; analysis=GWAS_by_subtraction_adjusted_for_EA; field=services
education_field_cheesman_2025_ea4sub_agri	direct_url	Educational field Agriculture GWAS adjusted for educational attainment	https://zenodo.org/api/records/15584414/files/Cheesman_agri_EA4sub_sumstats.txt.gz/content	European	Cognition/SES	NA	genome_build=GRCh37; source=Zenodo record 15584414; DOI=10.5281/zenodo.15584414; file_name=Cheesman_agri_EA4sub_sumstats.txt.gz; analysis=GWAS_by_subtraction_adjusted_for_EA; field=agri
education_field_cheesman_2025_ea4sub_business	direct_url	Educational field Business GWAS adjusted for educational attainment	https://zenodo.org/api/records/15584414/files/Cheesman_business_EA4sub_sumstats.txt.gz/content	European	Cognition/SES	NA	genome_build=GRCh37; source=Zenodo record 15584414; DOI=10.5281/zenodo.15584414; file_name=Cheesman_business_EA4sub_sumstats.txt.gz; analysis=GWAS_by_subtraction_adjusted_for_EA; field=business
education_field_cheesman_2025_meta_social	direct_url	Educational field Social sciences journalism and information main GWAS	https://zenodo.org/api/records/15584414/files/Cheesman_meta_social.txt.gz/content	European	Cognition/SES	NA	genome_build=GRCh37; source=Zenodo record 15584414; DOI=10.5281/zenodo.15584414; file_name=Cheesman_meta_social.txt.gz; analysis=main_educational_field_GWAS; field=social
education_field_cheesman_2025_meta_engineering	direct_url	Educational field Engineering main GWAS	https://zenodo.org/api/records/15584414/files/Cheesman_meta_engineering.txt.gz/content	European	Cognition/SES	NA	genome_build=GRCh37; source=Zenodo record 15584414; DOI=10.5281/zenodo.15584414; file_name=Cheesman_meta_engineering.txt.gz; analysis=main_educational_field_GWAS; field=engineering
education_field_cheesman_2025_pc2_practical_abstract	direct_url	Educational field PC2 practical-abstract axis	https://zenodo.org/api/records/15584414/files/PC2.N_weighted_GWAMA.results.txt.gz/content	European	Cognition/SES	NA	genome_build=GRCh37; source=Zenodo record 15584414; DOI=10.5281/zenodo.15584414; file_name=PC2.N_weighted_GWAMA.results.txt.gz; analysis=N_weighted_GWAMA; axis=PC2_practical_positive_abstract_negative
education_field_cheesman_2025_ea4sub_social	direct_url	Educational field Social sciences journalism and information GWAS adjusted for educational attainment	https://zenodo.org/api/records/15584414/files/Cheesman_social_EA4sub_sumstats.txt.gz/content	European	Cognition/SES	NA	genome_build=GRCh37; source=Zenodo record 15584414; DOI=10.5281/zenodo.15584414; file_name=Cheesman_social_EA4sub_sumstats.txt.gz; analysis=GWAS_by_subtraction_adjusted_for_EA; field=social
education_field_cheesman_2025_meta_health	direct_url	Educational field Health main GWAS	https://zenodo.org/api/records/15584414/files/Cheesman_meta_health.txt.gz/content	European	Cognition/SES	NA	genome_build=GRCh37; source=Zenodo record 15584414; DOI=10.5281/zenodo.15584414; file_name=Cheesman_meta_health.txt.gz; analysis=main_educational_field_GWAS; field=health
education_field_cheesman_2025_meta_ict	direct_url	Educational field Information and communication technologies main GWAS	https://zenodo.org/api/records/15584414/files/Cheesman_meta_ict.txt.gz/content	European	Cognition/SES	NA	genome_build=GRCh37; source=Zenodo record 15584414; DOI=10.5281/zenodo.15584414; file_name=Cheesman_meta_ict.txt.gz; analysis=main_educational_field_GWAS; field=ict
education_field_cheesman_2025_meta_edu	direct_url	Educational field Education main GWAS	https://zenodo.org/api/records/15584414/files/Cheesman_meta_edu.txt.gz/content	European	Cognition/SES	NA	genome_build=GRCh37; source=Zenodo record 15584414; DOI=10.5281/zenodo.15584414; file_name=Cheesman_meta_edu.txt.gz; analysis=main_educational_field_GWAS; field=edu
education_field_cheesman_2025_meta_arts	direct_url	Educational field Arts and humanities main GWAS	https://zenodo.org/api/records/15584414/files/Cheesman_meta_arts.txt.gz/content	European	Cognition/SES	NA	genome_build=GRCh37; source=Zenodo record 15584414; DOI=10.5281/zenodo.15584414; file_name=Cheesman_meta_arts.txt.gz; analysis=main_educational_field_GWAS; field=arts
education_field_cheesman_2025_meta_business	direct_url	Educational field Business main GWAS	https://zenodo.org/api/records/15584414/files/Cheesman_meta_business.txt.gz/content	European	Cognition/SES	NA	genome_build=GRCh37; source=Zenodo record 15584414; DOI=10.5281/zenodo.15584414; file_name=Cheesman_meta_business.txt.gz; analysis=main_educational_field_GWAS; field=business
education_field_cheesman_2025_meta_natural_sci	direct_url	Educational field Natural sciences mathematics and statistics main GWAS	https://zenodo.org/api/records/15584414/files/Cheesman_meta_natural_sci.txt.gz/content	European	Cognition/SES	NA	genome_build=GRCh37; source=Zenodo record 15584414; DOI=10.5281/zenodo.15584414; file_name=Cheesman_meta_natural_sci.txt.gz; analysis=main_educational_field_GWAS; field=natural_sci
education_field_cheesman_2025_meta_services	direct_url	Educational field Services main GWAS	https://zenodo.org/api/records/15584414/files/Cheesman_meta_services.txt.gz/content	European	Cognition/SES	NA	genome_build=GRCh37; source=Zenodo record 15584414; DOI=10.5281/zenodo.15584414; file_name=Cheesman_meta_services.txt.gz; analysis=main_educational_field_GWAS; field=services
education_field_cheesman_2025_pc1_technical_social	direct_url	Educational field PC1 technical-social axis	https://zenodo.org/api/records/15584414/files/PC1.N_weighted_GWAMA.results.txt.gz/content	European	Cognition/SES	NA	genome_build=GRCh37; source=Zenodo record 15584414; DOI=10.5281/zenodo.15584414; file_name=PC1.N_weighted_GWAMA.results.txt.gz; analysis=N_weighted_GWAMA; axis=PC1_technical_positive_social_negative
education_field_cheesman_2025_ea4sub_arts	direct_url	Educational field Arts and humanities GWAS adjusted for educational attainment	https://zenodo.org/api/records/15584414/files/Cheesman_arts_EA4sub_sumstats.txt.gz/content	European	Cognition/SES	NA	genome_build=GRCh37; source=Zenodo record 15584414; DOI=10.5281/zenodo.15584414; file_name=Cheesman_arts_EA4sub_sumstats.txt.gz; analysis=GWAS_by_subtraction_adjusted_for_EA; field=arts
education_field_cheesman_2025_ea4sub_edu	direct_url	Educational field Education GWAS adjusted for educational attainment	https://zenodo.org/api/records/15584414/files/Cheesman_edu_EA4sub_sumstats.txt.gz/content	European	Cognition/SES	NA	genome_build=GRCh37; source=Zenodo record 15584414; DOI=10.5281/zenodo.15584414; file_name=Cheesman_edu_EA4sub_sumstats.txt.gz; analysis=GWAS_by_subtraction_adjusted_for_EA; field=edu
ENIGMA3.mean_full_surfarea_2019_noGC	direct_url	Mean full cortical surface area		European/mixed	Neuroimaging	NA	genome_build=GRCh37; source=ENIGMA restricted URL; restricted_url=true; request_url=https://enigma.ini.usc.edu/; file_name=ENIGMA3_only_mixed_se_wo_Mean_Full_SurfArea_20190429_noGC.txt.gz; phenotype_description=ENIGMA3 mean full cortical surface area without genomic control.
ENIGMA_GarciaMarin2023.Accumbens	direct_url	Accumbens volume		European/mixed	Neuroimaging	73800	genome_build=GRCh37; source=ENIGMA restricted URL; restricted_url=true; request_url=https://enigma.ini.usc.edu/; file_name=Accumbens_QCed.tab.gz; publication=GarciaMarin ENIGMA ICV subcortical; phenotype_description=ENIGMA accumbens volume QCed GWAS.
ENIGMA_GarciaMarin2023.Amygdala	direct_url	Amygdala volume		European/mixed	Neuroimaging	73800	genome_build=GRCh37; source=ENIGMA restricted URL; restricted_url=true; request_url=https://enigma.ini.usc.edu/; file_name=Amygdala_QCed.tab.gz; publication=GarciaMarin ENIGMA ICV subcortical; phenotype_description=ENIGMA amygdala volume QCed GWAS.
ENIGMA_GarciaMarin2023.Brainstem	direct_url	Brainstem volume		European/mixed	Neuroimaging	73800	genome_build=GRCh37; source=ENIGMA restricted URL; restricted_url=true; request_url=https://enigma.ini.usc.edu/; file_name=Brainstem_QCed.tab.gz; publication=GarciaMarin ENIGMA ICV subcortical; phenotype_description=ENIGMA brainstem volume QCed GWAS.
ENIGMA_GarciaMarin2023.Caudate	direct_url	Caudate volume		European/mixed	Neuroimaging	73800	genome_build=GRCh37; source=ENIGMA restricted URL; restricted_url=true; request_url=https://enigma.ini.usc.edu/; file_name=Caudate_QCed.tab.gz; publication=GarciaMarin ENIGMA ICV subcortical; phenotype_description=ENIGMA caudate volume QCed GWAS.
ENIGMA_GarciaMarin2023.Hippocampus	direct_url	Hippocampus volume		European/mixed	Neuroimaging	73800	genome_build=GRCh37; source=ENIGMA restricted URL; restricted_url=true; request_url=https://enigma.ini.usc.edu/; file_name=Hippocampus_QCed.tab.gz; publication=GarciaMarin ENIGMA ICV subcortical; phenotype_description=ENIGMA hippocampus volume QCed GWAS.
ENIGMA_GarciaMarin2023.ICV	direct_url	Intracranial volume		European/mixed	Neuroimaging	73800	genome_build=GRCh37; source=ENIGMA restricted URL; restricted_url=true; request_url=https://enigma.ini.usc.edu/; file_name=ICV_QCed.tab.gz; publication=GarciaMarin ENIGMA ICV subcortical; phenotype_description=ENIGMA intracranial volume QCed GWAS.
ENIGMA_GarciaMarin2023.Pallidum	direct_url	Pallidum volume		European/mixed	Neuroimaging	73800	genome_build=GRCh37; source=ENIGMA restricted URL; restricted_url=true; request_url=https://enigma.ini.usc.edu/; file_name=Pallidum_QCed.tab.gz; publication=GarciaMarin ENIGMA ICV subcortical; phenotype_description=ENIGMA pallidum volume QCed GWAS.
ENIGMA_GarciaMarin2023.Putamen	direct_url	Putamen volume		European/mixed	Neuroimaging	73800	genome_build=GRCh37; source=ENIGMA restricted URL; restricted_url=true; request_url=https://enigma.ini.usc.edu/; file_name=Putamen_QCed.tab.gz; publication=GarciaMarin ENIGMA ICV subcortical; phenotype_description=ENIGMA putamen volume QCed GWAS.
ENIGMA_GarciaMarin2023.Thalamus	direct_url	Thalamus volume		European/mixed	Neuroimaging	73800	genome_build=GRCh37; source=ENIGMA restricted URL; restricted_url=true; request_url=https://enigma.ini.usc.edu/; file_name=Thalamus_QCed.tab.gz; publication=GarciaMarin ENIGMA ICV subcortical; phenotype_description=ENIGMA thalamus volume QCed GWAS.
ENIGMA_GarciaMarin2023.ventralDC	direct_url	Ventral diencephalon volume		European/mixed	Neuroimaging	73800	genome_build=GRCh37; source=ENIGMA restricted URL; restricted_url=true; request_url=https://enigma.ini.usc.edu/; file_name=ventralDC_QCed.tab.gz; publication=GarciaMarin ENIGMA ICV subcortical; phenotype_description=ENIGMA ventral diencephalon volume QCed GWAS.
GCST90671940	direct_url	Migraine	https://ftp.ebi.ac.uk/pub/databases/gwas/summary_statistics/GCST90671001-GCST90672000/GCST90671940/GCST90671940.tsv.gz	European	Neurological	341050	genome_build=GRCh37; source=GWAS Catalog; file_name=GCST90671940.tsv.gz; pubmed=35115687; publication=Hautakangas et al. 2022 Nat Genet; cases=10881; controls=330169; phenotype_description=UK Biobank self-reported migraine GWAS included in Hautakangas et al. 2022 migraine meta-analysis.
GCST90013420	direct_url	Ambidextrousness	https://ftp.ebi.ac.uk/pub/databases/gwas/summary_statistics/GCST90013001-GCST90014000/GCST90013420/GCST90013420_buildGRCh37.tsv	European	Neurological/Behavioral	190460	genome_build=GRCh37; source=GWAS Catalog; file_name=GCST90013420_buildGRCh37.tsv; pubmed=32989287; publication=Cuellar-Partida et al. 2020 Nat Hum Behav; phenotype_description=Ambidextrousness GWAS from the UK Biobank handedness study.
GCST90013421	direct_url	Left-handedness	https://ftp.ebi.ac.uk/pub/databases/gwas/summary_statistics/GCST90013001-GCST90014000/GCST90013421/GCST90013421_buildGRCh38.tsv	European	Neurological/Behavioral	1766671	genome_build=GRCh38; source=GWAS Catalog; file_name=GCST90013421_buildGRCh38.tsv; pubmed=32989287; publication=Cuellar-Partida et al. 2020 Nat Hum Behav; match_strategy=rsid_allele_fallback; phenotype_description=Left-handedness GWAS from the UK Biobank handedness study. GWAS Catalog metadata marks this file as GRCh38, so the external-GWAS importer should use rsID+allele fallback when Pan-UKBB GRCh37 coordinate matching fails.
GCST90444391	gwas_catalog	Occupational creativity	https://doi.org/10.1038/s42003-024-06686-5	European	Behavioral	125803	genome_build=GRCh37; source=GWAS Catalog; file_name=GCST90444391.tsv; pubmed=39237691; publication=Li et al. 2024 Communications Biology; cases=67848; controls=57955; replication_cases=14871; replication_controls=12104; phenotype_description=Occupational creativity GWAS from UK Biobank discovery sample.
GCST90444392	gwas_catalog	Artistic occupational creativity	https://doi.org/10.1038/s42003-024-06686-5	European	Behavioral	64580	genome_build=GRCh37; source=GWAS Catalog; file_name=GCST90444392.tsv; pubmed=39237691; publication=Li et al. 2024 Communications Biology; cases=6625; controls=57955; replication_cases=903; replication_controls=12104; phenotype_description=Artistic occupational creativity GWAS from UK Biobank discovery sample.
GCST90444393	gwas_catalog	Scientific occupational creativity	https://doi.org/10.1038/s42003-024-06686-5	European	Behavioral	76180	genome_build=GRCh37; source=GWAS Catalog; file_name=GCST90444393.tsv; pubmed=39237691; publication=Li et al. 2024 Communications Biology; cases=18225; controls=57955; replication_cases=4866; replication_controls=12104; phenotype_description=Scientific occupational creativity GWAS from UK Biobank discovery sample.
GCST90444394	gwas_catalog	Managerial occupational creativity	https://doi.org/10.1038/s42003-024-06686-5	European	Behavioral	100953	genome_build=GRCh37; source=GWAS Catalog; file_name=GCST90444394.tsv; pubmed=39237691; publication=Li et al. 2024 Communications Biology; cases=42998; controls=57955; replication_cases=9102; replication_controls=12104; phenotype_description=Managerial occupational creativity GWAS from UK Biobank discovery sample.
GCST90444395	gwas_catalog	Creative achievement	https://doi.org/10.1038/s42003-024-06686-5	European	Behavioral	219473	genome_build=GRCh37; source=GWAS Catalog; file_name=GCST90444395.tsv; pubmed=39237691; publication=Li et al. 2024 Communications Biology; phenotype_description=Creative achievement GWAS from UK Biobank discovery sample.
voice_pitch_gisladottir_2022	direct_url	Voice pitch median fundamental frequency during reading	https://zenodo.org/api/records/7156809/files/voicepitch2022.gz/content	European/Icelandic	Behavioral	12901	genome_build=GRCh38; source=Zenodo record 7156809; DOI=10.5281/zenodo.7156809; file_name=voicepitch2022.gz; publication=Gisladottir et al. 2023 Science Advances; pubmed=37294764; match_strategy=rsid_allele_fallback; phenotype_description=GWAS of voice pitch, median F0 in a reading task, in Icelandic participants.
GCST90446162	direct_url	CAMSIS occupational score	https://ftp.ebi.ac.uk/pub/databases/gwas/summary_statistics/GCST90446001-GCST90447000/GCST90446162/GCST90446162.tsv	European	Cognition/SES	273157	genome_build=GRCh38; source=GWAS Catalog; file_name=GCST90446162.tsv; pubmed=39715877; publication=Akimova et al. 2025 Nature Human Behaviour; match_strategy=rsid_allele_fallback; phenotype_description=CAMSIS occupational score GWAS in British ancestry UK Biobank participants.
SSGAC.EA4_additive_excl_23andMe	direct_url	Educational attainment		European	Cognition/SES	765282	genome_build=GRCh37; source=SSGAC restricted URL/local file; restricted_url=true; request_url=https://www.thessgac.org/data; file_name=EA4_additive_excl_23andMe.txt.gz; publication=Okbay et al. 2022 Nature Genetics; pubmed=35361970; phenotype_description=Educational attainment EA4 additive GWAS excluding 23andMe.
